{"name": "PPL_likelihood_threshold", "info": {"n_samples": 150}, "predictions": {"real": [-3.952560878458023, -3.570468537910649, -3.880710718258135, -3.9332534186712893, -4.465670412915437, -5.046286800407189, -4.628267666083737, -4.1053091486602185, -3.3397725891816874, -4.195817356158522, -3.734402466238491, -2.071789376054749, -5.553823182596939, -3.167333266592299, -7.696917586858742, -4.2915807499223195, -2.794082873185561, -4.036829398444483, -4.435066322794016, -2.4977184652760887, -4.659877472489304, -4.359597739778976, -4.203216649190317, -4.628629308866104, -4.498973125397712, -4.475694515815805, -3.440366763803952, -3.5494101934202162, -3.903136002900317, -3.7933801627731882, -5.4799675468230395, -5.514212896374048, -4.080502211565143, -3.4493591523196963, -5.839233468654854, -4.973861315279875, -3.653628337991369, -3.367209566043617, -5.2322552136869085, -3.919035174246721, -4.142620049998857, -5.857003814318061, -4.326460034765904, -3.3030639590066775, -4.180345400493098, -3.367433877175846, -4.911360020806136, -4.326742144816678, -3.535120245787222, -3.7062299681113515, -2.65792467538285, -3.971753422095977, -2.8874393775041716, -3.1157877136006387, -4.196414188032062, -4.270823158700397, -3.6491089264006997, -4.531661728153501, -4.145937358185375, -3.3563810622207217, -5.804569204182337, -4.20099642782446, -4.189313809359292, -4.0304912221276155, -3.9087502863195334, -4.725363597476668, -3.50479931624932, -3.8360738289643352, -3.5673312793511682, -3.204933388868263, -4.805022362195677, -5.139708143724806, -2.946961546438455, -4.199735274241942, -4.915797825032431, -5.303062514463303, -4.89096459912966, -2.7166776071083376, -4.574969075166629, -5.4476884146966125, -4.960113784410818, -4.055875733381721, -5.5507415667566455, -4.1828918668623984, -4.461885529602086, -5.956624387977691, -3.2582716110133685, -2.7677608906438085, -4.077626591018005, -4.6185712499043445, -3.284985628799047, -4.178425205213871, -2.9981003381039417, -4.338115733105031, -4.589912393012275, -4.082664865086633, -3.0435868828473622, -3.590146321698816, -3.8604462920462534, -5.156436097950518, -3.264794687779427, -4.112530220906899, -4.648448338429391, -3.187863631023886, -3.9317740598413193, -4.8594172252894925, -3.823024280394025, -5.603857280797728, -2.9750001910723918, -6.34141229980933, -5.315587682221474, -3.4961442002440033, -3.206959420094966, -4.205736943228313, -2.141821004852591, -4.412917495120251, -3.3837703907259202, -4.4926912017321285, -3.2730899698659015, -3.0274892310638264, -4.304773824596727, -3.478301618101647, -3.524886806863596, -3.82872747212088, -4.577099874846357, -3.5307015578233796, -2.962031795549419, -4.611616608389242, -4.466937460280011, -4.273752725233085, -4.017774287038406, -3.753508012420996, -3.2004721556033617, -3.6204451304515106, -3.6619927486611163, -3.310768860913129, -3.100580539654291, -4.0173956376000115, -4.115204275945326, -3.4900074376349006, -5.463680765120929, -4.55167957529213, -4.135828614368862, -5.005241176117436, -3.625666897687153, -4.305457896159785, -2.8092330650674042, -3.587687401927487, -4.202589806882939, -4.188247666582254], "samples": [-2.7077150410889788, -3.1972058342064855, -3.5663758820341904, -3.0915113644468573, -3.2415601618568113, -4.1760686979428385, -2.5926425544813565, -3.980768650491183, -2.1717249315928084, -4.087851585844118, -3.327027779663287, -2.19506871836212, -3.619416159951218, -3.609537918260736, -4.6504874139048695, -3.1344542342620305, -2.189454416513772, -4.279010095849339, -2.6013458398208917, -2.7747940617443185, -3.2850416034696135, -2.82582696813764, -2.4391319501127935, -3.3478415406767894, -2.461396809657958, -2.9357952196650783, -2.737269029160662, -2.738764593841, -3.0699346885390564, -3.5132155371324165, -2.92906768847268, -3.6015108974924384, -3.542127500081245, -3.233556823913947, -3.000046234611469, -3.3112693061604697, -2.816189402386885, -4.295704699634887, -3.61383623328717, -2.011184969954969, -3.146594112485175, -3.100719470269049, -2.8753714908378845, -2.7811987489475616, -3.1079880983799555, -2.3586473049220933, -4.53417029368495, -3.0815694441903183, -3.5769692010611553, -3.2067687630135113, -2.82591151832537, -2.121135732515245, -3.284652987977212, -3.999768760668016, -3.4656981203911092, -3.3047486385408265, -2.8196155986327405, -3.4264141913205495, -3.091228902452046, -2.5890817195899825, -4.218616808112535, -3.51903752944963, -2.923033296749597, -5.026035014560991, -3.6078575831661492, -3.3098079345373517, -2.903105795460575, -3.4701863170068736, -3.909103029588469, -2.1895226211796937, -4.9170527003199425, -3.891874424501975, -2.0431225705207834, -2.827955112149457, -2.6114257347771264, -4.56737220681187, -3.1761632196270564, -2.091121656684101, -2.6917068818858216, -4.052831482875151, -3.1443304162163845, -2.708890845668257, -4.508430550463724, -2.6193915853546534, -3.0489782918572965, -4.184813041695133, -2.990003800911773, -2.9261166631788984, -3.2034360816523164, -3.9252229343651113, -1.7744990055120176, -4.080925676117552, -2.880519842162623, -2.2904892036974354, -3.2646518260391137, -3.458623713994598, -3.0045292042011926, -2.991040473760807, -3.795429394011778, -4.0884880437226485, -3.789624114241303, -3.083350612453899, -3.0487311202073815, -2.44424293350646, -2.7892661644008183, -2.8706216742797666, -2.5300196718197987, -4.045029314855199, -2.497533094487921, -3.8268622625776954, -4.075920290342348, -2.735503306907454, -2.741354385716851, -4.689072173518193, -2.513803878855619, -4.61914851673434, -3.0077879377379046, -3.4741005700568994, -2.9747164351828643, -2.6219935351904082, -2.6318389024958937, -2.1990831512231557, -2.105686813897495, -3.177843269474997, -3.426774005244273, -2.8194627952105513, -2.5537028926196403, -3.339103936608607, -2.982920318858172, -3.690651433801539, -3.7012356296825724, -2.610923311478393, -3.026849496704441, -2.703360651125374, -3.33681659213553, -2.976656806310378, -2.5816320671484707, -3.6391470820029763, -3.210339850254825, -2.528331103557487, -3.372113032194542, -3.820084816950878, -3.3237255261382934, -3.4498382809727555, -2.7349642055455003, -2.2980919906713075, -2.356285430496093, -3.7772663792478163, -3.5087347378424925, -2.5835781242382363]}, "metrics": {"roc_auc": 0.8057777777777778,