{"name": "PPL_logrank_threshold", "info": {"n_samples": 150}, "predictions": {"real": [-2.156283599813096, -1.8922884871346586, -1.8602767843738421, -1.977927366309472, -2.432319880169454, -2.901009445957033, -2.474734267431131, -2.1165501104866102, -1.7580017759488005, -2.1744036086872978, -1.866991770971105, -0.9775339080710073, -3.1741712317786583, -1.496341803001292, -4.407533990174769, -2.0029660775965623, -1.2779020040854714, -2.061942267494334, -2.339567024934557, -1.2016786856643575, -2.5244787875530985, -2.1712148489297256, -2.099807152724999, -2.1246594367317777, -2.0874040723946345, -2.180843547600186, -1.7718217582519895, -1.7796514198911235, -1.9578171501330737, -1.944578389742756, -2.9211209781848524, -2.84065359829962, -2.202697842422814, -1.7410432597543861, -3.109706841486126, -2.5972021253170534, -1.83078582842054, -1.5515794826339528, -2.7798425273251657, -1.9249749100196536, -2.0510203961189473, -3.202054549471923, -2.2891424373891933, -1.7056200973140838, -2.2338904246596787, -1.6990160136452837, -2.772666835516146, -2.241954503626392, -1.7396180764480125, -2.0142084414237327, -1.2922143033470241, -1.975550239447922, -1.4229352152194885, -1.595323075919131, -2.0579618849776167, -2.261467696216736, -1.7831644087407086, -2.187957523247794, -2.126348234626364, -1.6359464493382236, -3.2007429538525654, -2.2441974695090896, -2.06907685088086, -2.2227980730207406, -1.871058065405464, -2.5474264345136794, -1.8328266432441773, -2.0977177448192927, -1.733125068308612, -1.6052662889462501, -2.578246447241744, -2.8058841659367046, -1.4196852793349066, -2.1739199688747317, -2.7032100290877152, -2.9016829760985288, -2.6120248603336105, -1.1973046142898875, -2.2880940703011037, -2.912027109232684, -2.543439343227311, -2.099611380632742, -3.1261885000287233, -2.159211774652368, -2.448765734078948, -3.285648509628144, -1.612082409125543, -1.3257962011844473, -1.9640294109250314, -2.439771315892235, -1.536068777714886, -2.095666163923009, -1.4948978194078468, -2.1061623424565235, -2.300148656217232, -1.9275647698962983, -1.4462515627808603, -1.8679965649961934, -1.9918354074374152, -2.7812250011546666, -1.5290305769187922, -2.1698683094559876, -2.4227848872917392, -1.6581310156462126, -2.105411372373282, -2.555751344108187, -2.026266670363112, -2.98870839872691, -1.2706225239603282, -3.4882531213242087, -2.789387889106196, -1.7083342626717493, -1.5804109219408538, -2.3144941125308733, -0.9868461718622471, -2.3699640437792757, -1.583560617733295, -2.5440167699880925, -1.4787487827839794, -1.3967129409214385, -2.19475816839536, -1.7947772544327258, -1.7060752649273463, -1.8547394576227412, -2.485112549835275, -1.7161699450450003, -1.5729455541099415, -2.5432318432926695, -2.415008864545648, -2.091294519303719, -2.054102996402024, -2.001033314670006, -1.5971566887967197, -1.7780366143362507, -1.8364672910416755, -1.6277624242911906, -1.5066736913593668, -2.1615004862823883, -2.0644818726888268, -1.8058650669824574, -2.9759757353649072, -2.356398811460175, -2.1644328882686095, -2.501410050711187, -1.8022972655305822, -2.083887726972476, -1.2769231060358346, -1.720938675243896, -2.300497003102967, -2.169793937347403], "samples": [-1.3301033199464194, -1.4818383030786069, -1.6845607791255846, -1.4183094800404104, -1.6508989823172049, -2.2396056986093407, -1.2074421221648992, -1.968983467756616, -1.1093805627825166, -2.0235734765924724, -1.6160315219196977, -1.0843264976969276, -1.9103045940743248, -1.7813932451211778, -2.4143479005209314, -1.528320038747107, -1.0300491844001374, -2.063440573200238, -1.230745078976253, -1.3386819876122402, -1.605752302841044, -1.2909780685384382, -1.116193717921006, -1.5717147096250788, -1.0090145756848494, -1.425270511547471, -1.4332868061761808, -1.19693038062895, -1.5793652020672868, -1.6402480546999627, -1.4790420349658364, -1.8117120535875717, -1.8686316584265523, -1.6582284389749646, -1.4870316375594672, -1.6170288797457075, -1.3740798042498905, -2.005824802999873, -1.607753689893017, -0.898399506094988, -1.5862011709643058, -1.5471357555545286, -1.499527779112903, -1.3886308883840586, -1.5831463462983484, -1.1791888701544326, -2.5174004152843845, -1.500395225499279, -1.8276832262915605, -1.575739506086534, -1.4127689242696646, -0.944796118446046, -1.7143675374165157, -1.9108776096070779, -1.6185001638742578, -1.6451658485784417, -1.273836342509895, -1.6234653382471573, -1.5865255587691338, -1.0457760894432149, -2.282906404414607, -1.8203086205179424, -1.2688644763796348, -2.7575807956356013, -1.7209776388472577, -1.7231191412131357, -1.4189875358735164, -1.778849646072786, -1.9848649482395084, -1.0503892764508365, -2.5614910317207733, -2.041833883414153, -0.9283931864158961, -1.2172190424533158, -1.378899442052595, -2.407261429753512, -1.4829718180491767, -1.0166848575854812, -1.2316202842795716, -2.066121680355248, -1.620224451057715, -1.40760115778114, -2.3558848808111534, -1.3116814433264867, -1.54164932768273, -2.2727793297985044, -1.5412266597039015, -1.3892755334463613, -1.4998830082589907, -1.9687647085061257, -0.7618601005085522, -2.029200948091819, -1.460630535121254, -1.1058262449507434, -1.689096106902798, -1.7125710792887288, -1.5191582396515584, -1.420818637325146, -1.8771331101686652, -2.113005353149361, -1.8327954689993882, -1.5961424954512535, -1.540172409490615, -1.2849080238564081, -1.3580445419064235, -1.394328162579386, -1.2360331379065501, -1.9994303651694179, -1.0320521865447696, -2.095156180486082, -2.0102777174511726, -1.22895717407418, -1.3128815426507365, -2.3374888668526212, -1.148573887035456, -2.448233773266262, -1.1983911610587423, -1.7674864473228578, -1.4374119126318021, -1.2252635249012773, -1.314253442568388, -1.0480367845518532, -0.9386958234139317, -1.4133953153926786, -1.7352665840788946, -1.2806070205892226, -1.3112813997499067, -1.744135494375912, -1.4866666099006045, -1.7713628551566685, -1.9153346548150056, -1.3153095398027352, -1.4522986714760389, -1.349164696999374, -1.6002966167611468, -1.4963349835831767, -1.2618718550719794, -1.8367402875010634, -1.630749024152856, -1.2712864982789691, -1.8021948149816134, -1.9184091873136813, -1.688075026250253, -1.6048912085517366, -1.243870463365086, -1.0058301612490401, -1.084693193614621, -1.6814263740474693, -1.8185718952469265, -1.2507386542376575]}, "metrics": {"roc_auc": 0.8030666666666667,