{"name": "PPL_Fast_threshold", "info": {"n_samples": 150}, "predictions": {"real": [2.3724181824116233, 2.061831676285442, 4.111244376362983, 3.7916153979476137, 3.589774890109413, 2.619700989434377, 0.8117924834038331, 3.744934181003417, 1.5297495770726919, 1.5701323511100358, 3.216690717178172, 2.141924654596887, -0.9789942166797466, 3.734081392970991, -0.4328007661025398, 2.6725912944046417, 4.090296062077382, 2.1765459254686235, 1.8367308574208037, 2.723064889850297, 4.0765376696641535, 2.979735981443325, 0.32296038325270393, 2.2892933579649064, 1.9261118709028993, 0.8992343206277186, 3.254470504295428, 2.9783333490670163, 4.01196945720399, 3.3335549670446634, 0.8026077038965168, -0.20153711666771562, 2.341486208066042, 1.2999762645717319, 0.784127974134238, 2.8399334075677625, 2.7452157545683766, 4.268193285500745, 1.9501489244017074, 1.726767324356895, 2.43987061785444, 0.9254066189405177, 2.7015703695909323, 2.198556095139665, 2.6924141003159403, 4.108230758188479, 0.5503807858832814, 3.271244597632777, 3.153015909074496, 2.7150615800047015, 5.1219952796756045, 1.0632130205636154, 3.4918488308698272, 2.0742150180505248, 1.158325700712767, 2.6642566296279657, 3.8957096170406995, 2.4113634240333464, 4.6913913694553715, 2.21838483195963, -2.564222450910329, 3.6175993208063253, 1.465231374301395, 2.45270948180918, 1.5030865407772511, 1.88237062525727, 2.2386957490845893, 1.152601662364766, 3.9315942774328487, 2.262296970496313, 1.4242751249818435, 0.8754614656320758, 3.2649849683326053, 3.8607656651535915, 1.1443558918761443, 1.2420277758250136, 3.1159835110613554, 1.5705494401881033, 1.1046435738776486, 0.985209822271449, 1.0274543468845532, 1.4685714377231696, 0.420125807849425, 2.6456894852014363, -0.07013400913755058, 0.8157491289608896, 2.210901826281305, 3.7715202663771406, 3.125794306585916, 0.4713755172680305, 2.749584324957811, 3.4054467271334223, 2.407114412809495, 2.1387454205362553, 0.7561505156852553, 4.9850786977984995, 2.0573509594138812, 0.2793589103124891, 2.728935107533367, 2.087849128784895, 4.188944788847786, 2.0787492091603648, 1.6741659804911457, 4.67534843277672, 2.677584910226771, -0.10103189099428152, 2.522064757148784, 1.4359118860027777, 4.057261006708749, -0.11064515715042396, -0.9507173680357751, 3.450089307052658, 2.295929641609195, 1.4378269521438225, 3.7041517475294667, 5.325704214557136, 2.242750169705274, 2.4582684691132055, 4.98110971592373, 3.3551717102652034, 2.537279306798943, 3.1143974693668106, 2.9291047911929606, 2.6709721683223164, 1.1153135958416973, 1.617365041390295, 3.7612918055738573, 3.9573559962288085, 1.556457988769971, 3.4706883585095825, 2.55507111297379, 1.692590248452703, 3.01695568673967, 4.145319128545876, 3.718167065780979, 2.972301565782199, 4.4541320896797405, 2.126031896265484, 1.8279053200379218, 2.408784154578516, 1.1636882023119637, 2.7395508535657846, 0.9739048257351515, 1.4036900299360615, 0.7737090543093205, 3.5891270272357776, 3.8866313645991775, 4.80840091639942, 2.2369183870298865, 0.8546577700714529], "samples": [7.3866785981602545, 4.820137128064017, 10.93987378706559, 8.306380644523509, 9.084218492220545, 4.667482054811136, 4.819061007260346, 6.935969351733344, 4.673466977805981, 4.868481590587122, 7.202023887799382, 6.5978241600715855, 8.6104844978578, 11.049201097722033, 3.0748862832028476, 7.899263665844115, 8.40868872004282, 3.841394448310156, 5.653872824849946, 7.859317014506071, 6.718304851213207, 10.004187754778755, 9.510609781586377, 4.878108548451249, 2.579542627021829, 8.390693349744975, 5.7259687634743965, 9.688471378741049, 6.628150451622374, 7.390471098076211, 4.933683209473892, 4.0820597997543295, 4.854883932466297, 4.0474174442809385, 3.8629872994564254, 10.972644934428867, 7.055495786372472, 7.597641617673056, 6.909663058426841, 5.894088129634766, 8.647532483245818, 7.465090893404111, 10.350486077245767, 10.319770569537644, 6.850082925186411, 6.683565780632401, 5.315702905113839, 6.734353399422796, 4.615312887621312, 7.4042773836253515, 7.516407131922789, 5.630343639313965, 8.38872027939631, 4.743996906132532, 5.718233283898605, 9.387334787813415, 6.27412154287441, 9.39670676230375, 6.341827754922554, 6.257446488818003, 3.9213407270690466, 8.274512679201047, 4.946983837238114, 6.135697841555391, 8.458788773086438, 7.012425886222607, 3.606821983786254, 4.328275954402778, 7.754746528172018, 10.536101958185032, 5.9534321742169185, 4.603137148899297, 7.635003017226598, 6.286929190861359, 4.495537553764183, 6.010365788869307, 8.844028273935685, 5.872074661021706, 5.216560029860352, 10.083764207766189, 7.688643573095901, 5.189870596521076, 2.8737270095528866, 8.313051852587117, 8.336355939525971, 9.026469958140588, 6.522676487882016, 10.013617053562852, 7.1353146618238235, 4.105128395584706, 8.889051330293015, 5.502507962571486, 7.001456648066638, 5.837495683738658, 8.034170859117602, 9.796551671328585, 3.8730860633122624, 4.34776502387049, 7.093324143774665, 9.699422445749578, 9.99364728688608, 6.1426772580238405, 7.033146822607518, 10.474470157549764, 5.350962567706483, 4.776991039791096, 9.092530888883404, 5.2150655593273685, 7.262285690384899, 7.2959527072160375, 3.813264752726078, 6.504564720880498, 6.976132841916825, 8.307587186857564, 5.742200673171257, 5.8652404603023705, 4.204661426837489, 7.549465296301409, 9.100683148475966, 6.671324557147526, 7.173086133423312, 4.595953458465894, 9.60647548388435, 5.629297646426891, 9.330117494352884, 3.8834196653328643, 11.191645004470914, 8.601597526323944, 7.42988750961748, 4.729270589414591, 4.872470646075868, 6.191608560996443, 7.544990895774069, 8.846858061592753, 5.803679011835928, 6.141072293818696, 10.30067635033568, 9.046065050357921, 9.854932578208517, 7.171724757637492, 1.3340122352356287, 6.584567685048545, 6.876760760131277, 10.64441134026627, 6.755255906459307, 4.3220038914403345, 7.862850583244204, 9.046692791401236, 6.486212476959424, 6.300046387479293]}, "metrics": {"roc_auc": 0.9732000000000001, "fpr": [0.0, 0.0, 0.0, 0.006666666666666667, 0.006666666666666667, 0.02666666666666667, 0.02666666666666667, 0.03333333333333333, 0.03333333333333333, 0.04666666666666667, 0.04666666666666667, 0.05333333333333334, 0.05333333333333334, 0.06, 0.06, 0.08666666666666667, 0.08666666666666667, 0.09333333333333334, 0.09333333333333334, 0.10666666666666667, 0.10666666666666667, 0.12666666666666668, 0.12666666666666668, 0.14, 0.14, 0.14666666666666667, 0.14666666666666667, 0.2, 0.2, 0.30666666666666664, 0.30666666666666664, 0.34, 0.34, 0.44, 0.44, 0.7666666666666667, 0.7666666666666667, 1.0], "tpr": [0.0, 0.006666666666666667, 0.74, 0.74, 0.7666666666666667, 0.7666666666666667, 0.82, 0.82, 0.84, 0.84, 0.88, 0.88, 0.9, 0.9, 0.9066666666666666, 0.9066666666666666, 0.9133333333333333, 0.9133333333333333, 0.92, 0.92, 0.9266666666666666, 0.9266666666666666, 0.9333333333333333, 0.9333333333333333, 0.9533333333333334, 0.9533333333333334, 0.9666666666666667, 0.9666666666666667, 0.9733333333333334, 0.9733333333333334, 0.98, 0.98, 0.9866666666666667, 0.9866666666666667, 0.9933333333333333, 0.9933333333333333, 1.0, 1.0]}, "loss": 0.022779005985295475, "PR_AUC": 0.9772209940147045, "Time": 443.81868410110474}