{"name": "PPL_likelihood_threshold", "info": {"n_samples": 150}, "predictions": {"real": [-1.9655882013729138, -2.0198439786311124, -1.4386206082184305, -1.4825315545537598, -1.944708770513394, -2.3739629826303803, -1.816785454815383, -1.9286424572112053, -1.9192001239048158, -1.95047802672262, -1.362876172486769, -1.2127631507708165, -2.7800713489436237, -1.733500721103128, -2.2510215464212857, -1.466142523537307, -1.0965529726302559, -2.1644605809905793, -1.9675970126262183, -1.3710391523743215, -1.6863135467411077, -2.166310308407329, -1.3966371081629523, -1.8872141469270713, -1.5555134103287664, -1.5385447952482596, -1.2422864235841389, -1.5828568173711657, -1.4524151908020086, -2.056748571110584, -2.3155417352836998, -2.629143347591021, -2.159154875819088, -1.933147656433805, -2.2114864176045637, -1.8696715385921354, -1.4684516472175473, -1.291345532213477, -1.9020580832370215, -1.475731479908812, -2.035939582388482, -2.3072592392988125, -2.179814248592161, -1.354227599216307, -2.2753201496493407, -1.3739721545942096, -1.9310526279424771, -1.616209406969995, -1.6069103640916593, -1.8591102711496597, -1.4086840457847627, -1.851509697729356, -1.540571105211833, -1.736388266681344, -1.9682959694907296, -1.7436132292248343, -1.89838318035925, -1.6843087489041173, -1.576434497985569, -1.8265933039573499, -3.155710104466973, -1.78148312524447, -1.497978956751944, -2.058010212199668, -1.6468797272655797, -2.3872269415578793, -1.5030822612680688, -2.063306655384119, -1.7893748941828982, -1.701771930893643, -2.040717315176615, -1.8357483310918556, -1.598886727894136, -1.481144264497548, -1.9821027515823693, -2.2975112979413654, -2.104560193963122, -1.36492382247784, -1.8327827576230422, -1.6669879266473746, -2.4570086092579553, -1.7968855968081117, -2.022661099001584, -2.010502968495869, -2.32924800671164, -2.0685395248726373, -1.7336063320471975, -1.0299630370074788, -1.945411066396966, -2.609948528979457, -1.3281426011807, -1.6600242875824471, -1.575548536238557, -1.5429289099629093, -1.7585632122274784, -1.7543377207028386, -1.666466920794449, -1.889660322059465, -1.6310588113735696, -2.1510073716291496, -1.4229904644863507, -2.0834380309591887, -2.42270837903836, -1.58293382497191, -2.1411018036139127, -2.1230955107925635, -2.0227937655797454, -1.9844507874151853, -1.437324252545581, -2.129496787509203, -2.743687367637053, -1.734370957426302, -1.5609265961496281, -1.9056714591912038, -1.2289883386799254, -1.7077294880920766, -1.4510161727825126, -2.049359781158928, -1.3448970977790236, -1.1778392826380835, -1.364793196349997, -1.8771942546819975, -1.9887895603247978, -1.914047750485019, -2.5868815515422416, -1.6122092293040924, -1.4314768060675795, -1.9732789150075145, -1.9880205262564303, -1.456058835027804, -2.2730753429082604, -2.098912710522189, -1.6648126328409918, -1.2406104412497183, -1.9095433914986035, -1.8963619696046146, -1.1316184153466313, -2.162774700376808, -1.7999883844649185, -1.7833107270515618, -1.9894820327237965, -1.595903029208164, -2.163583673978626, -1.6530731700160548, -2.004357691980733, -1.5179720861778148, -1.3690697228440791, -1.3545379027427016, -1.7823642358328047, -1.6162752412029686], "samples": [-0.9735363735685545, -1.198327324664521, -0.7835286867455896, -1.066881205112582, -0.8212929076561659, -1.6393226580729536, -1.1717921832583624, -1.276341182048454, -1.017482565055987, -1.1455297626880787, -0.7852663485233823, -0.5634261993017563, -0.9685850336006171, -0.9165141461184544, -1.266479059400299, -0.7603363766821751, -0.4777034011853896, -1.5047547192339346, -0.9670564026755257, -0.7545026701551587, -0.7958163729826958, -0.9766704035586996, -0.6900497539370787, -1.380087184690224, -1.3656807830018114, -0.7285402030316401, -0.8572231967915839, -0.760596236720376, -1.0042975880061245, -1.264993086286952, -0.9092867563756214, -1.580369285052839, -1.196190555367316, -1.3419408252673413, -1.2906669628580996, -0.6950190947002366, -0.9620163854879533, -0.8294976929805686, -1.2416579191841974, -0.812291170727943, -0.9386171435400766, -0.9484598913299053, -0.912973486852197, -0.6388819162208695, -0.9937373544281844, -0.8634396939031037, -1.1053905258094598, -1.117008373147424, -1.6360437110535988, -0.9856702237688284, -1.0794176896300172, -1.08115088944286, -0.6891582152583422, -1.3157011253118904, -0.9492891065253317, -0.864586679204111, -1.3287142430381929, -0.8299933377806482, -1.112643582882103, -0.9935611014073293, -1.1726195101067145, -0.9451949941969643, -1.0421425101426989, -1.065054982634885, -0.8348376279376195, -1.1657399228370078, -1.1476552399151587, -1.5547240145921353, -1.0875727019089525, -0.5847618861797813, -1.1065794786121463, -1.3906481225617084, -0.9576167772334595, -0.955324137640474, -1.2869678942299767, -1.1308819127741911, -1.0700706721511861, -0.9747470698893251, -0.9671571861852082, -0.8046532467819315, -1.0836997729706606, -1.2497770375905317, -1.4601474506830046, -0.9991359812922707, -0.8415124775513929, -0.8812340203950657, -1.0618305426271775, -0.5966082127456588, -1.3435568131189037, -1.5064056643063137, -0.4834395436381016, -1.184273932167793, -0.963112748293335, -1.0228545573392027, -0.7121139925131369, -1.0511758223597052, -1.0965874630937307, -0.7576123904126347, -0.970302181836519, -0.9841862377101813, -0.9012428025016817, -1.1252542295398804, -0.987728279221378, -0.7109158841706853, -1.427642255391124, -0.8840134986356161, -0.910125774099967, -1.2684328248977885, -0.9380559285010148, -0.94437222375505, -1.2444888084822083, -1.13829062901231, -0.7612368525582602, -0.7613099342605427, -1.1203477160838746, -1.3997164793880794, -1.2690149206614216, -0.8835329164181761, -0.8168141294817997, -0.6699019272845497, -0.9043904626864849, -1.1453654797676622, -0.741943132983887, -1.2225336389943091, -0.9313986135740371, -1.1177623044786897, -0.6733670633266821, -1.1649358671305556, -0.8205237755579261, -1.2201699960440084, -1.1745859269374443, -1.0019668930728671, -1.0126938971239356, -0.7455159350259514, -1.405770563373688, -0.9195637924774728, -0.5873507586117421, -0.828448117165863, -0.7735066197100873, -0.7993331403608647, -1.721065450759796, -0.8784044866927421, -1.0356118062894317, -0.8256867374103076, -0.9981456502505061, -1.465474449863025, -0.8361069594980851, -0.9035544378958068, -1.0622181414029184, -0.9418514126451623]}, "metrics": {"roc_auc": 0.9694666666666667, "fpr": [0.0, 0.0, 0.0, 0.006666666666666667, 0.006666666666666667, 0.013333333333333334, 0.013333333333333334, 0.02, 0.02, 0.02666666666666667, 0.02666666666666667, 0.03333333333333333, 0.03333333333333333, 0.04666666666666667, 0.04666666666666667, 0.05333333333333334, 0.05333333333333334, 0.06, 0.06, 0.06666666666666667, 0.06666666666666667, 0.10666666666666667, 0.10666666666666667, 0.12666666666666668, 0.12666666666666668, 0.13333333333333333, 0.13333333333333333, 0.14666666666666667, 0.14666666666666667, 0.18666666666666668, 0.18666666666666668, 0.23333333333333334, 0.23333333333333334, 0.26, 0.26, 0.2866666666666667, 0.2866666666666667, 0.3466666666666667, 0.3466666666666667, 0.41333333333333333, 0.41333333333333333, 1.0], "tpr": [0.0, 0.006666666666666667, 0.5733333333333334, 0.5733333333333334, 0.6533333333333333, 0.6533333333333333, 0.7133333333333334, 0.7133333333333334, 0.7733333333333333, 0.7733333333333333, 0.7933333333333333, 0.7933333333333333, 0.8066666666666666, 0.8066666666666666, 0.8133333333333334, 0.8133333333333334, 0.8733333333333333, 0.8733333333333333, 0.88, 0.88, 0.9, 0.9, 0.9066666666666666, 0.9066666666666666, 0.92, 0.92, 0.9333333333333333, 0.9333333333333333, 0.94, 0.94, 0.9533333333333334, 0.9533333333333334, 0.9666666666666667, 0.9666666666666667, 0.9733333333333334, 0.9733333333333334, 0.98, 0.98, 0.9933333333333333, 0.9933333333333333, 1.0, 1.0]}, "loss": 0.028583377424684975, "PR_AUC": 0.971416622575315, "Time": 489.39319133758545}