{"name": "PPL_logrank_threshold", "info": {"n_samples": 150}, "predictions": {"real": [-2.156283599813096, -1.8922884871346586, -1.8031490490927848, -2.055373493252522, -2.8493335085450386, -2.887768353751281, -2.568133887577123, -2.1356028908882854, -1.7594396113738648, -1.8116153189432447, -1.840761155711362, -1.7784105652645537, -3.0822412507584946, -1.7680953161888846, -4.550060510915251, -2.115506649846878, -1.0463468834834928, -2.107163679971989, -2.1457551131741175, -1.218957129757674, -1.7565862441522702, -2.066712741022958, -2.018273412539617, -1.5844890226114297, -2.110725295693661, -2.113814000547642, -1.7751302670207871, -1.7166805613182774, -1.8826527622385114, -1.951038390556014, -2.4157276615229466, -2.4298751347658665, -2.060438988938416, -2.0013987998210045, -3.0425713024312313, -2.684399452994126, -1.6443876151277885, -1.5829307068018494, -2.8302583642569648, -1.8544567242682144, -2.0765463633944305, -3.137001116806304, -2.2937199125966963, -1.6632381824870472, -2.3300087412412, -1.2724741358928737, -2.8133068500242575, -2.3283951676037806, -1.7005882097657792, -1.9903028384011183, -1.2850391169204491, -1.981941151092401, -1.3020598339624376, -1.8539699023526068, -2.56682630028444, -2.794646709978226, -2.1265109604178796, -2.214223501681956, -2.417996795748381, -1.809050623421424, -3.51671337514113, -2.2790507394491093, -2.184971467959379, -2.217216670930673, -1.9116433433258115, -2.330787548634017, -1.7927333463051731, -2.0988148367833923, -1.6869956748446415, -1.5802248463294182, -2.682097085314514, -2.8550526717998204, -1.7871736204459845, -2.1332677661733976, -2.0444770027125325, -2.3376484139985183, -2.6794576486855317, -1.1959292252411167, -2.8788863927266797, -3.186138015274054, -2.263370970410996, -2.0554059006588807, -3.0940890420749283, -2.2069230642211797, -2.7055182760019076, -3.3102309302442654, -1.6511373508447391, -1.5505847489152444, -1.950272908847916, -2.4345074217953817, -1.5243148163159235, -2.1135821201932887, -1.4958586568228431, -2.102735110015293, -2.412419879733605, -2.2473922023001975, -1.5710269297094557, -1.8863131233559811, -2.3986474832806928, -2.797862336269445, -2.1714431892662955, -2.1919704729446003, -2.254288192566297, -1.7210450563937292, -2.116191395031267, -2.2448191027348785, -2.1308451481444464, -2.992345337852337, -1.245623722528888, -3.445334218759366, -2.701117127968355, -1.7641990326942285, -1.5797109320467704, -2.296078915559041, -0.9933802431629198, -2.4246933435981224, -1.6267781694393795, -2.4623800203472226, -1.4319589787625202, -1.4381506216090998, -2.147609054546369, -1.8095710992811738, -1.7782453762087145, -1.8944882821361144, -2.4559904855244645, -1.6996282862440213, -1.5477011891220855, -3.071392835265043, -2.115197016875316, -2.143379638699329, -2.052110485607107, -2.0267018801832823, -1.621122562258524, -1.8271526143905301, -1.6877954659080414, -1.9381970815735405, -1.528928026984762, -2.098456675212288, -2.2164163768955225, -1.7541289412425805, -3.1558221318470703, -2.3510220288916823, -2.253175306103425, -2.5810890950365226, -1.8192665136450141, -2.0415678919468436, -1.244000267380194, -1.7772196115714647, -2.3731001737833024, -2.367539672107392], "samples": [-1.366243202114703, -1.3190630685051201, -1.4934869984209007, -1.204609688789799, -2.310041599230421, -2.16633792506582, -1.205505114217906, -1.3146553038448412, -1.0722948086391082, -1.382001492764729, -1.5391128618874974, -0.8319376623040966, -1.6463250031190273, -1.195933412514582, -2.0195509354384917, -1.478457638015962, -0.7823644360157167, -1.5462412890003032, -1.0925516630951673, -1.1415615706683686, -1.374546736465192, -1.575116313280706, -1.0518181934573165, -1.2925709541203407, -0.9470656884107738, -1.3528630400118236, -1.4145070992194537, -1.1065853242700314, -1.3750305175232969, -1.4253084166855448, -1.378114303501404, -1.3021305239937149, -1.4858542338369543, -1.2777608673759167, -1.5078884460364566, -1.8327079527773644, -1.445285978481333, -1.6216240742039223, -1.4909815219224682, -0.9578014686405055, -1.2356080397706075, -1.5339325126298482, -1.5845400032021106, -1.3205318714552394, -1.5199320437428239, -0.9827166162966965, -1.9503617404875524, -1.0476830533258983, -1.5711811722300215, -1.576935142613466, -1.1662666927500562, -1.0987024036081157, -1.0277485361419176, -1.3432752992465686, -1.7648404648037734, -1.7146664001788618, -1.5184127677310923, -1.257281664144577, -1.6641409768754494, -1.1150264417760873, -1.8273733117904025, -1.5025661609245935, -1.7344976055158494, -2.428424135433986, -1.550063859587309, -1.5892969282180927, -1.3081886287740352, -1.645956736026506, -1.8041567404405705, -0.9471463467315995, -2.00315277100785, -1.9117468200734007, -0.9110269164749244, -1.1388317610979855, -1.4357621362088993, -1.5996435123471406, -1.525761505353564, -0.9785831262913074, -1.121440198096105, -1.606464927449494, -1.2354722983645192, -2.2153816279963237, -2.2483003518375853, -1.3060729057820764, -0.9855093029892474, -2.292887821882473, -1.3818380514519726, -1.0018720233677345, -1.5591294071334274, -1.7924285406295515, -0.8201071218769541, -1.4614204313253216, -1.2866791425192308, -1.1592546975753755, -1.6939925052786904, -1.4461711268193937, -1.1819257614196264, -1.401166817851449, -2.1301333977851424, -2.3551444701381863, -1.7612508649010927, -1.2853333974980359, -1.3411489474233398, -1.2431923838131265, -1.2515732590400381, -1.1602972888724288, -1.1172083937197856, -1.632488662654811, -1.1500094148173887, -1.6529651703352817, -1.876354354944271, -1.5126735266561535, -1.2816192104505901, -2.5484098902702703, -1.2428718429370518, -1.7791728799015996, -1.0880022316698332, -1.3820639429748725, -1.3505159330358094, -1.097891717324691, -1.2755727772144128, -1.383971083884201, -0.8785708071941897, -1.173361135348152, -1.7748510264756432, -1.279716708944009, -1.4599057316943553, -1.9822100499512643, -1.3850176015344628, -1.4945477380712209, -1.6686721993583848, -1.1765925669786113, -1.3562391347263612, -1.3121347665017151, -1.1237915551728044, -1.7837433930415099, -1.1451397974360351, -1.3952396165795955, -1.387351203933796, -1.24212976214963, -1.6797048535522483, -2.1638633807890755, -1.552265135761053, -1.545865226100379, -1.3329401106131178, -0.8664178933712313, -1.128800453227964, -1.650698878737489, -1.670710218887293, -1.475195836610626]}, "metrics": {"roc_auc": 0.8709333333333333, "fpr": [0.0, 0.0, 0.0, 0.006666666666666667, 0.006666666666666667, 0.013333333333333334, 0.013333333333333334, 0.02, 0.02, 0.02666666666666667, 0.02666666666666667, 0.04, 0.04, 0.04666666666666667, 0.04666666666666667, 0.05333333333333334, 0.05333333333333334, 0.06, 0.06, 0.06666666666666667, 0.06666666666666667, 0.07333333333333333, 0.07333333333333333, 0.08, 0.08, 0.08666666666666667, 0.08666666666666667, 0.09333333333333334, 0.09333333333333334, 0.1, 0.1, 0.10666666666666667, 0.10666666666666667, 0.11333333333333333, 0.11333333333333333, 0.14, 0.14, 0.14666666666666667, 0.14666666666666667, 0.15333333333333332, 0.15333333333333332, 0.16, 0.16, 0.16666666666666666, 0.16666666666666666, 0.17333333333333334, 0.17333333333333334, 0.18666666666666668, 0.18666666666666668, 0.2, 0.2, 0.21333333333333335, 0.21333333333333335, 0.23333333333333334, 0.23333333333333334, 0.24, 0.24, 0.24666666666666667, 0.24666666666666667, 0.2733333333333333, 0.2733333333333333, 0.28, 0.28, 0.29333333333333333, 0.29333333333333333, 0.32666666666666666, 0.32666666666666666, 0.3466666666666667, 0.3466666666666667, 0.38, 0.38, 0.3933333333333333, 0.3933333333333333, 0.4066666666666667, 0.4066666666666667, 0.42, 0.42, 0.4266666666666667, 0.4266666666666667, 0.56, 0.56, 0.6066666666666667, 0.6066666666666667, 0.64, 0.64, 0.6666666666666666, 0.6666666666666666, 0.6933333333333334, 0.6933333333333334, 0.7066666666666667, 0.7066666666666667, 0.74, 0.74, 0.7866666666666666, 0.7866666666666666, 0.8133333333333334, 0.8133333333333334, 1.0],