{"name": "PPL_Fast_threshold", "info": {"n_samples": 150}, "predictions": {"real": [-0.4636914263322529, -0.6221133202888642, 0.8830958453176171, 0.47228247606535, 0.3278157317235781, -0.2856436931564904, -2.4501017776428617, 0.838652686930618, -1.1333723166428267, -1.0724930320005803, -0.08018273813858458, -1.2593103944410378, -3.7792604579186184, 0.8602200945459961, -4.224204924822777, -0.8564167458607691, 1.205566068041023, -0.6049054616301209, -1.0263957210745918, 0.009835522502489168, 1.2781999490310227, 0.2048046779591215, -3.0076445647903527, -0.3885223847078631, -1.5123768034711458, -2.4659760536625015, -0.0797170134015758, 0.07173945980676996, 0.7991498891066923, 0.622540908183492, -1.9771733328058698, -2.8564587377843655, -0.3019068932030021, -1.5242109517353672, -2.4790992564938588, -0.4503282191100465, -0.21555823077957742, 1.0098858640735084, -1.3388964058147104, -1.5087742970646685, -0.4191060102188429, -2.178156973362807, -0.14925152821090723, -0.8611835144293248, -0.07446262818215257, 1.3894969787694025, -2.72016626264061, -0.036110122853291626, 0.24600117249081532, -0.11561142304217854, 2.406734624573301, -1.8674225048047135, 0.8227979378271039, -0.789820554720243, -2.0347415144953658, -0.800467642742982, 0.921381425011904, -0.8587645908232627, 1.235819762069551, -0.5956828878160725, -5.379435612196266, 0.5561568090306855, -1.9815307555215012, -0.2833120448987109, -1.6519912589756622, -0.8133084964911463, -0.7775100763237611, -1.5760865731512959, 1.163614096869669, -0.48049438163406694, -1.754399835127234, -2.4355086480688004, 0.22744189141198537, 0.4944110183794203, -1.5954719410787292, -1.475152486711662, 0.026550811497150283, -1.2261228807000342, -2.4511184973702784, -2.7979044245540874, -1.6458760025359558, -1.4890663387271998, -2.884367700229172, -0.26207228629896867, -2.9411020129665015, -2.5167973946548985, -0.534197631081842, 0.1753760808627502, 0.2378605657055318, -2.1922622371103393, -0.4110241652158243, 0.20548874511394563, -0.30884026635061107, -1.1889531279162562, -2.6000855489024812, 1.7532782465210428, -0.7992498777259849, -2.499095442684727, -0.6989321646764043, -1.0077810213218035, 0.6187855118227057, -0.7251972178481014, -0.9612414849659795, 1.7863108915318626, -0.05386151074088311, -2.8900087885893684, -0.2551591532486699, -1.9753835204152395, 1.18998862988657, -3.5114599758472673, -3.6078498801714414, 0.5673118677392743, -0.5725461892291268, -1.4794697518715216, 1.0644529217741996, 2.0660272256478946, -0.8550240305882498, -0.46633628291375007, 1.9452275583804406, 0.10838112682327544, -0.9729690895120382, 0.35663797460719376, 0.21976038614559285, -0.1594309733138389, -1.5071031961877093, -1.355140560360307, 0.9044062653914607, 0.579903067294578, -1.3302554277590706, -0.013103373065946671, -0.08794055610716589, -0.9893797004618486, 0.21870559115993446, 0.6849058205560195, 1.0408105791017332, 0.07436306968681466, 1.102628379291731, -0.5406059226570983, -1.3043742733562338, -0.34915022708736226, -2.2896489664443935, -0.6321575330098976, -1.8312050090907008, -2.1199704556538417, -1.8766638655512304, 0.26389222228519893, 1.035637998185349, 1.511037742492702, -0.9025260621643264, -2.540006814673286], "samples": [2.2284665091409006, 2.340965043744498, 2.569074374358923, 2.427358840460573, 0.23588827029436055, -0.3477460388168724, 2.8860807275401723, 2.8284091048026028, 0.8475684079865746, 0.7035055625719487, 0.29338879289072667, 1.1320111556768087, 0.6848461544472377, 1.7455481787008287, 0.6215717495760469, 0.7818406187999781, 2.590236532224648, 0.7174945511028767, 2.2510824177184374, 1.1250728378901438, 1.52464672222379, 1.871858735444077, 1.4178428122322522, 1.1285306263703678, 2.321656489605063, 0.9964251988166408, 0.7901011986358729, 3.645888641058581, 2.0076152156929763, 2.658329866485952, -0.737209885089021, 1.6714422260009476, 0.4411769655963916, 1.120327876613229, 0.9103442263150571, 1.213559747299734, 2.2916817261739957, 1.4980772513402736, 2.0660675575354404, 1.8759681760852744, 2.8741686422903605, 2.122810803735746, 2.061076965294173, 1.4235665911186166, 1.2715983055450233, 2.9097811896503996, 1.2716793078597572, 2.996937734510663, 0.4779220026042586, 3.0881807159247217, 3.1755540072623796, 2.6229770407409863, 3.1380352446212645, 1.5145771843025144, 0.34299804262924954, 1.9629036058252183, 2.2506629813955095, 2.55752527877352, 0.9241477353679726, 2.59872747068576, 1.044609627952785, 1.924032884252624, -1.6195285692190584, 0.8732803030617489, 1.5999757319177852, 1.1039866421446027, 1.8900149031635203, 1.41577735629053, 1.3874573274692819, 1.683901219289073, -0.5941747197602099, -0.014173152985591016, 2.5889390929644103, 1.3896756978387008, 1.2902213515025247, 1.0117904204754968, 2.108313240622126, 1.156747366111365, 2.1508037466620045, 1.187054803967937, 2.3567381163130228, -2.3481923836664764, 0.5489006121786318, 1.9873834409831492, 2.9913385455768426, -0.26406641507929396, 1.2614078916115274, 1.512731948969358, 2.124997411290419, 1.160495551422124, 0.7593388615684065, 1.037306488389345, 1.969575341417183, 2.1850807903538696, 0.9471254081074204, 2.5041930637694976, 0.8407251489728186, -0.8808619596167533, -0.06977124210301427, 0.45374260515281667, 2.173462282422761, 1.975262747951074, 1.1388429579363082, 2.164772602145348, 2.708207964645603, 0.9188969304250004, 1.8281208981767305, 3.2444845206639465, 2.0489048249118236, 1.9182800640102733, -0.12937554738425583, 0.5133541016014505, 0.27012309129219925, 1.0073991629128003, 0.7201598058611569, 2.621164829823419, 2.1693923995703255, 1.7972412356695866, 2.1478851392501985, 1.320289810851208, 2.3380804339735612, 1.223396726303845, 3.226395555857418, 2.356053910707457, 0.263821582472052, 1.6223590895749656, 1.5296896020066117, 0.2775797967757874, 0.747780674488897, 2.0120356547014886, 1.3159931959354858, 1.834604572082991, 2.616665204934283, 1.6793578362368913, 2.828635413887046, 0.05460319144919242, 2.938450161733628, 1.3246610356512285, 2.031197690550323, 2.4007861001278674, 2.2379647171341666, -0.4029090276802665, 1.6571509010905547, 1.7113051591685802, 0.5846677042692817, 4.016531353768017, 2.193929233068003, 1.7783543138197986, -0.1984187943462288, 1.7782047830545171]}, "metrics": {"roc_auc": 0.9061777777777779, "fpr": [0.0, 0.0, 0.0, 0.006666666666666667, 0.006666666666666667, 0.013333333333333334, 0.013333333333333334, 0.02, 0.02, 0.02666666666666667, 0.02666666666666667, 0.03333333333333333, 0.03333333333333333, 0.04, 0.04, 0.04666666666666667, 0.04666666666666667, 0.05333333333333334, 0.05333333333333334, 0.06, 0.06, 0.07333333333333333, 0.07333333333333333, 0.08, 0.08, 0.09333333333333334, 0.09333333333333334, 0.1, 0.1, 0.10666666666666667, 0.10666666666666667, 0.11333333333333333, 0.11333333333333333, 0.12, 0.12, 0.13333333333333333, 0.13333333333333333, 0.14, 0.14, 0.16, 0.16, 0.16666666666666666, 0.16666666666666666, 0.17333333333333334, 0.17333333333333334, 0.18, 0.18, 0.2, 0.2, 0.20666666666666667, 0.20666666666666667, 0.21333333333333335, 0.21333333333333335, 0.22, 0.22, 0.22666666666666666, 0.22666666666666666, 0.23333333333333334, 0.23333333333333334, 0.24666666666666667, 0.24666666666666667, 0.30666666666666664, 0.30666666666666664, 0.32666666666666666, 0.32666666666666666, 0.34, 0.34, 0.37333333333333335, 0.37333333333333335, 0.38666666666666666, 0.38666666666666666, 0.4066666666666667, 0.4066666666666667, 0.43333333333333335, 0.43333333333333335, 0.44666666666666666, 0.44666666666666666, 0.5066666666666667, 0.5066666666666667, 0.5466666666666666, 0.5466666666666666, 0.6066666666666667, 0.6066666666666667, 0.7666666666666667, 0.7666666666666667, 0.86, 0.86, 1.0],