{"name": "PPL_logrank_threshold", "info": {"n_samples": 150}, "predictions": {"real": [-1.0723087468952561, -1.070483457840111, -0.6891246939085915, -0.749849494313742, -1.0869311383589695, -1.364743881859302, -0.9826610000324993, -0.9943388568511925, -1.0102356181839653, -1.0195105572916034, -0.6813616426963058, -0.6074490670130369, -1.5960161782998665, -0.8456034643569854, -1.2890165272663028, -0.68427787118306, -0.49427955994292955, -1.0868433403221576, -1.047957335191428, -0.6596213902904526, -0.8808379278618624, -1.0746400277265267, -0.7154572161233808, -0.8757944838097755, -0.7217169200355465, -0.7385314287697634, -0.6397893789828665, -0.7936342178035328, -0.7285329969422014, -1.0543390466807452, -1.2319273584456445, -1.364629375324988, -1.1582461703445877, -0.9864051419624527, -1.1777358243329126, -0.9762867490411845, -0.7489154550725067, -0.5950402532051666, -1.010543586519565, -0.722162953529564, -1.0079982132915668, -1.274210584152405, -1.153345983085672, -0.7008453769693217, -1.21866375004028, -0.6921607136319037, -1.090159458164419, -0.8478716929022858, -0.7907539552400739, -0.9969528961669707, -0.6848657863479986, -0.9209409643459456, -0.7413718433307965, -0.9181887965981714, -1.010356461137993, -0.9216028628899691, -0.9550207132051094, -0.8371014732730487, -0.8032653483350675, -0.9026123621032872, -1.7732667823795412, -0.951678962440156, -0.7359179662988782, -1.1641655997254488, -0.7924949067279624, -1.2803788697263274, -0.7860333693479437, -1.1282981446609825, -0.8693362748958106, -0.8523725084667655, -1.0949943145060752, -1.0021769779173597, -0.7797053699177549, -0.7666885846648256, -1.0829160104401023, -1.2666555096509473, -1.1160540677971331, -0.601554482037492, -0.9092908685801266, -0.8925902719491676, -1.2645307216572714, -0.9301965091538205, -1.139799728515901, -1.0378230709095748, -1.2982966319987388, -1.140997545643824, -0.8577296818335983, -0.4823946893104265, -0.9370265926652133, -1.37871155654275, -0.621043320293779, -0.8325760447826106, -0.7855921435517306, -0.7490945302479077, -0.9007341631020962, -0.8571072444817266, -0.7977015897548995, -0.9832131267971226, -0.8242298480838591, -1.1601880380173357, -0.6746969534439115, -1.0992712309106871, -1.2550845338490169, -0.8304783692830623, -1.1465308072457272, -1.1317464816932898, -1.0735220578984888, -1.0519084722392222, -0.6138811604111316, -1.1749135127165755, -1.439767109924156, -0.8546050460162599, -0.769235003550429, -1.048725926574605, -0.5662576072145201, -0.9184502063549648, -0.6790567330484668, -1.1604638326794792, -0.6076108400991854, -0.5433886771607653, -0.6958300570274858, -0.9686179981981613, -0.9625911020487335, -0.9272166568262161, -1.4045338717654199, -0.7836473797466896, -0.7601657353235295, -1.0814360401784266, -1.0513819706192689, -0.7124997764842214, -1.162118760125059, -1.1189517231455823, -0.830804488481479, -0.611503420550467, -0.9577981211264341, -0.9206975542044339, -0.5498904715600932, -1.1636490374088375, -0.9073205698697445, -0.9227540637391617, -1.0851404851682127, -0.8261969980587777, -1.137534638794286, -0.8293435168421598, -0.9963541851311489, -0.7347147449970921, -0.6223039250863063, -0.6497435263343451, -0.9756659039756456, -0.8182932140652357], "samples": [-0.45932258165881173, -0.604617097555706, -0.37437872529924243, -0.4773919761730978, -0.40864480192525904, -0.871749120680086, -0.5912787708848876, -0.6069474698559246, -0.5028383343225137, -0.5202192246264493, -0.3938880160490295, -0.25271471254008454, -0.48804719501633137, -0.4383597349145838, -0.6766239349494508, -0.34381273701141696, -0.20735349994340022, -0.7224253057155792, -0.48621316124357805, -0.3569796454533189, -0.40575545738977076, -0.4601220595737112, -0.3202880065566523, -0.6639264811108826, -0.6370035943230827, -0.33659615749800814, -0.44054215150557835, -0.3321001738154496, -0.47448176546135096, -0.6711290309123852, -0.459585327955201, -0.8142564627964952, -0.6389886434144977, -0.636840255504032, -0.6726240140190614, -0.3402006540647578, -0.49804529554050175, -0.3496858872720967, -0.6271428283177227, -0.3973757790186778, -0.440332417541775, -0.46311287049307626, -0.4315721699638464, -0.30855565987327893, -0.47539650296070507, -0.42894444616102767, -0.6147822310265141, -0.5483909493340866, -0.8238999119081593, -0.5002382157634996, -0.5352193765678968, -0.5275689375193497, -0.3286390556044487, -0.6293642799464826, -0.46475794047078267, -0.4239469446076606, -0.6420090727016956, -0.3652964064262574, -0.572684996400496, -0.46821562760465935, -0.6197940076161232, -0.4634443619019142, -0.46178155981192315, -0.5868614941873167, -0.3746673256425489, -0.5578783914740432, -0.5593640075530488, -0.7668092343042353, -0.5144318189105035, -0.2535263656597072, -0.5751946449799349, -0.6840093594974457, -0.4229334982654106, -0.45606938553896686, -0.6730411295683031, -0.6044858600880613, -0.5093571651139368, -0.45164775099278837, -0.4625197496879525, -0.39909928694293256, -0.5277442308258413, -0.59324857564564, -0.7773825232224362, -0.5081726341959611, -0.4081312196851359, -0.47833757889887346, -0.5425363706224681, -0.25471349353526346, -0.6419568411636986, -0.8022810001271267, -0.20509054215888242, -0.6012997822026224, -0.48801965149556464, -0.5305605281266856, -0.36722818173244853, -0.46336769618232077, -0.48899728578061463, -0.3688357189515988, -0.4530965127819355, -0.4728565074193926, -0.40397583085240923, -0.5577808105390406, -0.5032407230952887, -0.3346066195768694, -0.7231114470067956, -0.4406346152325923, -0.4328268844737255, -0.6769790003366045, -0.42573163045195755, -0.49569502133387316, -0.6413434505429036, -0.526375816854656, -0.3640568628032856, -0.38576251004685247, -0.5072003324559824, -0.7530040042641549, -0.6136916286529525, -0.43367709030300516, -0.36835556139747117, -0.3016691029420859, -0.46179785294960685, -0.5829264732655434, -0.35595707870522186, -0.5953062803954245, -0.4518950935662265, -0.5283267274799375, -0.32181871729251005, -0.6163909439847992, -0.40990573508961115, -0.6186573935114394, -0.59064655694827, -0.5224374993058449, -0.4747551711758346, -0.3625954599879601, -0.6883474481743326, -0.44678518036065346, -0.2542392219618578, -0.4093838022258507, -0.36024140542722544, -0.383028980014245, -0.9547238762680128, -0.445839736211993, -0.5273585575553318, -0.38898988912136573, -0.48367544604150164, -0.6963800139108575, -0.4091497548289622, -0.3962357236592283, -0.5362045664584383, -0.424106518235966]}, "metrics": {"roc_auc": 0.9592444444444443, "fpr": [0.0, 0.0, 0.0, 0.006666666666666667, 0.006666666666666667, 0.013333333333333334, 0.013333333333333334, 0.02, 0.02, 0.02666666666666667, 0.02666666666666667, 0.03333333333333333, 0.03333333333333333, 0.04, 0.04, 0.04666666666666667, 0.04666666666666667, 0.06666666666666667, 0.06666666666666667, 0.07333333333333333, 0.07333333333333333, 0.08666666666666667, 0.08666666666666667, 0.09333333333333334, 0.09333333333333334, 0.10666666666666667, 0.10666666666666667, 0.11333333333333333, 0.11333333333333333, 0.12666666666666668, 0.12666666666666668, 0.14, 0.14, 0.16, 0.16, 0.19333333333333333, 0.19333333333333333, 0.24666666666666667, 0.24666666666666667, 0.26, 0.26, 0.26666666666666666, 0.26666666666666666, 0.32, 0.32, 0.32666666666666666, 0.32666666666666666, 0.3333333333333333, 0.3333333333333333, 0.4266666666666667, 0.4266666666666667, 0.54, 0.54, 1.0],