{"name": "PPL_likelihood_threshold", "info": {"n_samples": 150}, "predictions": {"real": [-3.952560878458023, -3.570468537910649, -3.764264152255778, -4.063690224835042, -5.097953006067279, -5.023254007834251, -4.74807516815493, -4.1422643586043995, -3.3425041241585465, -3.4658943423400204, -3.681935349971564, -3.550570603556562, -5.36889958151533, -3.6246238748834605, -7.94581297519305, -4.532711620213562, -2.321307370304178, -4.196439867444468, -4.028772172998442, -2.5336321328629094, -3.3628833248851615, -4.166177510497626, -3.939851997922126, -3.414351373983341, -4.549237258854803, -4.40360071619829, -3.4467909334772915, -3.423818515854192, -3.7532870609256848, -3.8059819889920603, -4.540623424739443, -4.68148360394564, -3.8409856239546873, -3.9223228213977395, -5.713170110734535, -5.140851558627159, -3.224267419964987, -3.4352474223744522, -5.3271485477681795, -3.7895604485880696, -4.194177013562518, -5.68028150170846, -4.335111424571066, -3.213837352447747, -4.35026957815884, -2.525922080992189, -4.983347660988287, -4.438376943736935, -3.455806703483465, -3.711501780872633, -2.6431662061380283, -3.984602057725393, -2.7056810634288118, -3.5060453766724105, -5.000486516948826, -5.287291490444795, -4.227062915273009, -4.455177938380653, -4.745397735302638, -3.6609289812533232, -6.258352123167282, -4.266239555715543, -4.447562676812369, -3.919592326478986, -3.9725765316068635, -4.345681549974396, -3.428131421761886, -3.8380800692136936, -3.472382085429396, -3.1549378485016883, -4.998566559183438, -5.229773076934575, -3.6648307071105735, -4.121200419185249, -3.742084754085855, -4.240121801748871, -5.052694194255308, -2.713556856895516, -5.802734332946953, -5.950382578667123, -4.397775289283635, -3.9704828196443014, -5.490695764948786, -4.27531965344532, -4.853916197716423, -6.001190398531902, -3.3372077790114205, -3.3106603628103115, -4.049065980694649, -4.608606516824688, -3.259848997655166, -4.214146774108752, -3.000027350734079, -4.331056575947673, -4.709927775288445, -4.599990186867121, -3.282009768643555, -3.6253493439386926, -4.746655465194898, -5.187281986119913, -4.579749377446448, -4.1544202355673425, -4.351486091656842, -3.2803990264287846, -3.951905333951134, -4.211159863671144, -4.015064478060319, -5.645131889924343, -2.9164686936113586, -6.244568703427163, -5.147374802099244, -3.5803387537758926, -3.20553900521828, -4.172274134313855, -2.156002355054899, -4.5083775841003755, -3.476118148168916, -4.348522062921277, -3.1695245502235565, -3.1173087840776277, -4.212296086469222, -3.5069722814651434, -3.673995980611804, -3.910780730746178, -4.523462627341767, -3.4966701609525597, -2.9144938425941462, -5.6043210105460295, -3.99955031010062, -4.380193457949771, -4.013876985563024, -3.8016567191991855, -3.2484963170630645, -3.706904221613484, -3.364924828141906, -3.9921070913137164, -3.1463776889366817, -3.9002215110254173, -4.397038782139039, -3.3900224127690652, -5.785842032065187, -4.541293646017862, -4.285525152943281, -5.1447066815835925, -3.659803797489319, -4.218022155012636, -2.7368027624829128, -3.705017792101027, -4.335222600856157, -4.676313684165429], "samples": [-2.827601860915687, -2.855561849961147, -3.2715240417540463, -2.7633491018633385, -4.228196831654606, -3.9424153376704876, -2.537816787200631, -2.884299119190257, -2.1724238075111915, -2.9249683155019794, -3.197977059877245, -1.7917487269031485, -3.0399048029297497, -2.5202553066313733, -3.8956033579442133, -3.0405882795515207, -1.75753823891659, -3.400901976244517, -2.414950363602512, -2.3601397945300158, -2.6859656862535037, -3.0779482224580166, -2.191226684597637, -2.7626811074427535, -2.3018074520847756, -2.8633734789353236, -2.7859078714969128, -2.6800266904677903, -3.072538294346046, -3.0766203315579457, -2.5391077253078564, -2.768011603893341, -2.968269247244316, -2.6413712702938295, -3.004750126761248, -3.5932754632095123, -2.932132519267463, -3.625044070834673, -3.3566720643980092, -2.142482097062145, -2.6770041964932934, -3.1328084394545486, -3.1434953716007334, -2.7400230316882572, -3.058296721789425, -2.014801106649508, -3.559097050356206, -2.1967837473775966, -3.102009318045578, -3.3370437325715527, -2.480326082028533, -2.5350119654941943, -2.262900082132723, -2.907572693714055, -3.6151993446007724, -3.498659762042113, -3.0618449564094035, -2.59820958881724, -3.319526381919209, -2.60700258043008, -3.429745485171094, -3.114463463603254, -3.7622749642653046, -4.366137333338512, -3.4788250175238025, -3.147339516996316, -2.6588899732119247, -3.2815646984946896, -3.643334291805698, -2.0487393458593366, -3.9290062377720765, -3.7453625399263983, -2.1500831814880224, -2.231871765173903, -2.6566440451117623, -3.2004874071629557, -3.150130650064826, -2.097581516348148, -2.4857198476444085, -3.196829282031369, -2.568150510401877, -4.440794995120766, -4.365213668684516, -2.5976694378901244, -2.1740589990961117, -4.145023140525767, -2.7301389660690676, -2.1774010751764146, -3.317235499810779, -3.652755748729071, -1.9055703230882057, -3.1186435668424886, -2.5862991816226653, -2.425209076456328, -3.3168586376501654, -3.065852540263319, -2.476425758669272, -3.0120601455471836, -4.0126208889556745, -4.492440623073575, -3.759144993184477, -2.600534530502554, -2.7454006793733887, -2.2916337191657115, -2.602283905512263, -2.426579236272095, -2.367880722510141, -3.4679435822121114, -2.746128303268966, -3.2409201888939827, -3.6616870640582717, -3.1739829564610718, -2.611282366016891, -5.013431353277958, -2.6335210993448994, -3.4424619880520146, -2.700972659005848, -2.9638221754699106, -2.636523687799326, -2.3410683953641245, -2.6805565887962333, -2.8064081171033735, -2.0488910225530557, -2.7766846070818954, -3.4361027578624075, -2.769466584266067, -2.925421825573098, -3.6384480948188322, -2.646439163200128, -3.0764157455671453, -3.1312054110926306, -2.366504922057377, -2.8071974328978335, -2.733561587519622, -2.4914684342484974, -3.5586104235647995, -2.5029455466549795, -2.8303626983504397, -2.920813690082797, -2.5751766375771035, -3.4036974482662363, -4.014776444831307, -3.1936813561308943, -3.256369483355729, -2.7533216691904085, -2.144056263113187, -2.3332830385028873, -3.5971581774269428, -3.2142727302922314, -2.989463004960715]}, "metrics": {"roc_auc": 0.876311111111111, "fpr": [0.0, 0.0, 0.0, 0.006666666666666667, 0.006666666666666667, 0.013333333333333334, 0.013333333333333334, 0.02666666666666667, 0.02666666666666667, 0.03333333333333333, 0.03333333333333333, 0.04666666666666667, 0.04666666666666667, 0.05333333333333334, 0.05333333333333334, 0.06666666666666667, 0.06666666666666667, 0.07333333333333333, 0.07333333333333333, 0.08, 0.08, 0.08666666666666667, 0.08666666666666667, 0.1, 0.1, 0.11333333333333333, 0.11333333333333333, 0.12, 0.12, 0.12666666666666668, 0.12666666666666668, 0.13333333333333333, 0.13333333333333333, 0.14, 0.14, 0.15333333333333332, 0.15333333333333332, 0.16666666666666666, 0.16666666666666666, 0.18666666666666668, 0.18666666666666668, 0.20666666666666667, 0.20666666666666667, 0.21333333333333335, 0.21333333333333335, 0.23333333333333334, 0.23333333333333334, 0.24666666666666667, 0.24666666666666667, 0.25333333333333335, 0.25333333333333335, 0.2733333333333333, 0.2733333333333333, 0.2866666666666667, 0.2866666666666667, 0.29333333333333333, 0.29333333333333333, 0.3, 0.3, 0.31333333333333335, 0.31333333333333335, 0.36, 0.36, 0.36666666666666664, 0.36666666666666664, 0.4066666666666667, 0.4066666666666667, 0.43333333333333335, 0.43333333333333335, 0.44, 0.44, 0.4866666666666667, 0.4866666666666667, 0.49333333333333335, 0.49333333333333335, 0.5333333333333333, 0.5333333333333333, 0.6, 0.6, 0.6733333333333333, 0.6733333333333333, 0.7066666666666667, 0.7066666666666667, 0.72, 0.72, 0.8466666666666667, 0.8466666666666667, 1.0],