{"name": "PPL_lrr_threshold", "info": {"n_samples": 150}, "predictions": {"real": [1.2926461958043265, 1.4191691771374069, 1.2682122197012653, 1.2331041048735623, 1.2735941350267657, 1.1903656830540805, 1.1683416068464922, 1.3354148842610774, 1.440710754027559, 1.1863804594906566, 1.1998414881659154, 1.6038791956707106, 1.215092425452079, 1.5914440895880235, 0.9595405333558994, 1.2870444482296448, 1.3437587923839016, 1.4909361343870735, 1.1222322788419863, 1.5509876853016635, 1.056024494729433, 1.4199626783336405, 1.1610734060773142, 1.2663064648038083, 1.2743820541098412, 1.223988097057823, 1.16788023849586, 1.3081008812188455, 1.1925570208991458, 1.4387936466357205, 1.1542496646491984, 1.2006953086595158, 1.3779688418311198, 1.4912796479842434, 1.1430395743322086, 1.1936979301816204, 1.1546872544175688, 1.357457418583645, 1.1450886141136973, 1.2569445169823434, 1.42474073563463, 1.1177790645527765, 1.3428795467074748, 1.297365075818179, 1.3706761969138745, 1.1809511673204856, 1.11881932844638, 1.1773942813179779, 1.3546173553710792, 1.3291569383939, 1.4932567639804981, 1.3748882311340271, 1.4526654242314436, 1.4992478351701553, 1.4872956169343754, 1.3538048358106225, 1.4485840956592997, 1.218863025349976, 1.2579678154435638, 1.5159644965994439, 1.3413901622913054, 1.2284356378703298, 1.269877697057947, 1.161060014911247, 1.3507166934745305, 1.248974222524558, 1.2385077162385683, 1.3415036321823772, 1.4382504523285962, 1.4434408659543987, 1.2387673107232466, 1.104277581026319, 1.5409693133846585, 1.1364936052537642, 1.0428570942692956, 1.0530505186608694, 1.2392723705322528, 1.6073816774566543, 1.4417849981407858, 1.0672642837018087, 1.2735941818142127, 1.2721635740215127, 1.0456414451711178, 1.357817541870844, 1.3201819081096338, 1.0723326090380558, 1.4920371162942918, 1.4277372823275554, 1.4290095492104729, 1.4215157145532826, 1.3545980107070579, 1.2620889036590637, 1.4543434923540184, 1.2273771767568604, 1.3094631005879709, 1.4089328606018616, 1.5689297127973467, 1.4011696762500463, 1.388405160160544, 1.2010324826673038, 1.5573940167856963, 1.3558515101335666, 1.377468193561383, 1.349731477566908, 1.3816083858433807, 1.1142804893074754, 1.3399413966641747, 1.1259388864421622, 1.611348527771988, 1.0362214777612773, 1.3472596314059957, 1.4883317991940639, 1.4153757510685898, 1.218300302952873, 1.6494875264886029, 1.1771912850178816, 1.4182366313743588, 1.1734375284760938, 1.396198567451854, 1.3719104744493633, 1.092461638191878, 1.4295857741050753, 1.5844026776645217, 1.4751127137941467, 1.3765047441641516, 1.3834954756942384, 1.2985540726503206, 1.365470378790572, 1.1359982621747606, 1.2075938949332583, 1.4705057552900558, 1.4116574318501078, 1.456050192505531, 1.2401677016588524, 1.4143230326113123, 1.5523966624850438, 1.25238029306656, 1.3436771734554804, 1.3615209698207806, 1.3615371594905652, 1.1275188537747136, 1.142468532518389, 1.3916201913125519, 1.1387403757973174, 1.5027616084561146, 1.2142608815788605, 1.5158973270678138, 1.3017432524063315, 1.2083208204397209, 1.322577086392315], "samples": [1.503924546632594, 1.564226952991344, 1.2838328429537096, 1.4023362485082544, 1.388703945301693, 1.2384791695109791, 1.4779092407939907, 1.2882591722103822, 1.4618547234342738, 1.1892969682766699, 1.386761466580505, 1.2283047894797663, 1.1563398084524956, 1.2180734152469184, 1.0501826385199282, 1.3172086399920626, 1.3525588940125688, 1.2818408242356643, 1.5507040786956705, 1.2626545886822615, 1.2372482607521582, 1.6957071718337655, 1.4478853902427133, 1.3967719650960095, 1.6571498815994783, 1.3239189401295126, 1.2316963890601698, 1.56390839626289, 1.2150585857568403, 1.5402051798634702, 1.3353927076386614, 1.4854132715025063, 1.3958415973219156, 1.421184002446865, 1.3904181108644726, 1.319334869466755, 1.3758416907669797, 1.2146833036973377, 1.411079735560596, 1.547821086758505, 1.403192707904427, 1.4317970754645017, 1.3977956020074775, 1.2196865036428648, 1.4863519744104994, 1.2348444978118924, 1.0962587501229297, 1.284789992794384, 1.324975832654181, 1.2200725169109867, 1.4549376737286215, 1.6139452170007396, 1.3747888067000364, 1.2862650272078322, 1.5096297575469833, 1.5264120070423748, 1.593987301629693, 1.30665716617392, 1.33321175965022, 1.7147038822511942, 1.3143692505085465, 1.2830380782420254, 1.4819541595876102, 1.0725972889485464, 1.3713275071680198, 1.378388053313545, 1.2986775756305824, 1.4626827598815468, 1.3422308165298542, 1.522956099489573, 1.1386637556091874, 1.1165185174296965, 1.6682005129513107, 1.3594845816187566, 1.4409548225536941, 1.1192849612787863, 1.3918626691509453, 1.5425190711031358, 1.6637447886199903, 1.2224298842884171, 1.4760250583753376, 1.2992427359872347, 1.2167199851102672, 1.3754264682654846, 1.2058633644067842, 1.3855023225322254, 1.3885050878821583, 1.3418900900541324, 1.5276560178071967, 1.4434047824375207, 1.6168208008741218, 1.2641169926095823, 1.3263454621034922, 1.531768303106902, 1.3304089441279807, 1.4862622871372897, 1.4588465191447086, 1.4867567766557974, 1.489649865846692, 1.2793027870758353, 1.533138150520672, 1.4650575768304916, 1.5107884796746647, 1.3884516785034526, 1.493756819003283, 1.3191400363914005, 1.48954408214929, 1.2136764218785006, 1.685779803022962, 1.1270767393546246, 1.4003761725448909, 1.6623586248610729, 1.4814634242088216, 1.2209640353909659, 1.582244536541417, 1.1903200344310476, 1.5808616261476247, 1.2689525885361812, 1.3121792013005915, 1.349126330371969, 1.5111263755841768, 1.5836738361527691, 1.4631313196540345, 1.5875300631101967, 1.482793032635747, 1.5493976304080188, 1.3478696376626844, 1.454571157490989, 1.2663798965441717, 1.193853510320456, 1.4486933564044344, 1.489080987529386, 1.52542227795306, 1.3365396899599993, 1.5781461636704726, 1.4736089071516232, 1.2547597467130596, 1.4600891999984889, 1.3705710203533372, 1.4401550319306657, 1.238107459788775, 1.2289151244244036, 1.449913738030666, 1.3256551175506377, 1.598499306200891, 1.6815056453753066, 1.509475697586328, 1.4392008058399266, 1.3103736644775512, 1.5562927029926048]}, "metrics": {"roc_auc": 0.6473777777777777,