{"name": "PPL_lrr_threshold", "info": {"n_samples": 150}, "predictions": {"real": [1.2926461958043265, 1.4191691771374069, 1.2905699759645186, 1.194184743779654, 1.1050499641322302, 1.1958237876653481, 1.1436495237099948, 1.3235009808647527, 1.4395333876968133, 1.435199274653889, 1.2169390786659684, 1.1668231663002335, 1.2534412503083372, 1.4177113394081415, 0.9294837960002958, 1.2185763492398165, 1.5247738961788784, 1.4302668424498834, 1.3121221760756434, 1.529002782505915, 1.355674998562544, 1.4536140144986172, 1.1622558563601144, 1.6020477758205351, 1.2603015157693933, 1.231380493212264, 1.1657035295062408, 1.3560843193996752, 1.2401695282627798, 1.4340297177595036, 1.3422582344702552, 1.4438262363175238, 1.3976662532489106, 1.3758482825240352, 1.1682611945856274, 1.1549230490999716, 1.3232477239202969, 1.3305718754290905, 1.124690970714533, 1.2752090531757763, 1.407227095662533, 1.1540335984337051, 1.3401996214916896, 1.2543055121687388, 1.3502736454200612, 1.4640300017765713, 1.1026572685773601, 1.1502817183061913, 1.3857069127853663, 1.3198003810154904, 1.5015945612687087, 1.370454805246801, 1.5680078518707807, 1.330851223207149, 1.222235380824712, 1.0864626253710703, 1.3321209829087317, 1.2371487577318105, 1.1311457117844252, 1.4294397754554997, 1.2636929844558253, 1.209649308040313, 1.1813215446879661, 1.2809614994317708, 1.338012618568871, 1.3818888520311148, 1.2662061231046766, 1.3408024017408517, 1.4775781293371981, 1.4663147257722264, 1.1908023148449514, 1.0852601810135298, 1.3544689765452356, 1.1581509748264647, 1.3321025579050223, 1.3351768719242205, 1.2170131922588132, 1.6092302610598546, 1.1327845370144016, 0.9884941138257739, 1.4523260091852805, 1.2995239126178242, 1.0770663145940529, 1.3284629952751408, 1.242806543775177, 1.0643692579029702, 1.4567454292702298, 1.1908926808584714, 1.4390892527959287, 1.424589317086358, 1.3650432891748248, 1.2513907011188694, 1.4534093214446635, 1.2293776697613155, 1.1929801485814964, 1.2640265137309297, 1.488622756765161, 1.3875639785378133, 1.160011350043503, 1.1938906088020895, 1.1756373618479106, 1.34218013448634, 1.4403231273630248, 1.324044180200315, 1.3745703789131833, 1.332000171613548, 1.3374272732418588, 1.1185244977654627, 1.6436871715807577, 1.0584207882056813, 1.3912872049914262, 1.4124903073346542, 1.4160029219654797, 1.2280714131258252, 1.6386378350619544, 1.1443605018024858, 1.380559266322794, 1.2123412009148817, 1.441819886438638, 1.3323813824904946, 1.1164457977137068, 1.4178984355152513, 1.5200996747767328, 1.444162933343704, 1.392826737233731, 1.396960366986561, 1.319734629463775, 1.082730504198932, 1.3331075524437752, 1.1782488031616594, 1.4719335529705184, 1.3937785214755485, 1.4345246672429577, 1.1736769480854823, 1.5018710059485727, 1.4195927569973776, 1.2341512522741696, 1.384045188131773, 1.2692981553191636, 1.4016942175190474, 1.0750799914325344, 1.1450813557140918, 1.3514310383662675, 1.1298566658963205, 1.4887445667530594, 1.239431398997947, 1.5560160026229832, 1.2605196868849373, 1.1713531762870817, 1.1612138655155235], "samples": [1.5105567837189802, 1.5441596870950178, 1.3542433666836928, 1.4900336740608227, 1.1608229529622105, 1.2682478663032872, 1.3658482623478567, 1.4741656064713078, 1.5391682493620644, 1.5613470726585383, 1.261000291085345, 1.467944427613131, 1.1624643714111509, 1.5190825338268663, 1.1023718923750556, 1.3045121794534749, 1.4706857598600769, 1.5924258192481358, 1.6522858104633782, 1.2693493282665769, 1.387759434827419, 1.5066569150462263, 1.5699486468087525, 1.5892980674964297, 1.6473879447444952, 1.3217863121231677, 1.2390401357453797, 1.6303268311250716, 1.313903604098377, 1.5183614191730757, 1.427034395005034, 1.6264539317797961, 1.5209962860042625, 1.4734576697193034, 1.367706034744198, 1.2165220409712272, 1.3272575820873451, 1.4192258033045861, 1.4084222021696948, 1.5225814515980374, 1.5264243065165755, 1.4221934901861444, 1.4363978319329689, 1.3236601494426845, 1.5030039611644808, 1.2569615511617702, 1.1522779350762473, 1.6155215909173888, 1.34671207070229, 1.2627286708567147, 1.579217089350478, 1.539404116554897, 1.661510996783644, 1.5267070918898633, 1.2946576377908738, 1.2535274493805062, 1.4141985920377453, 1.5670561284647264, 1.2327951376816604, 1.6808673584220515, 1.332335460571585, 1.3944754440916913, 1.2939793461763869, 1.1959146161221712, 1.3595165526819382, 1.4231980017918382, 1.3139841971821875, 1.4821742833444074, 1.3913635528098331, 1.5591190325481956, 1.2748815267788292, 1.1652057574653243, 1.7154417848463468, 1.4013405426197196, 1.342301444751146, 1.492981960309465, 1.32523915120348, 1.5680208334487649, 1.7182960917745589, 1.5007924594254367, 1.5858684866694228, 1.12869802327484, 1.229259193573501, 1.3695470055563317, 1.7063214705302345, 1.3504047428897983, 1.4352121995446592, 1.611303403706318, 1.5006583012864534, 1.502308157237333, 1.5905901702745542, 1.4011830732389083, 1.3448204331232767, 1.514886488780159, 1.2638433383645151, 1.47245140266432, 1.4895126709127282, 1.413584850787844, 1.2688233907825617, 1.240200652016527, 1.2839490380529963, 1.532282031847973, 1.5492009310299286, 1.3147681912683915, 1.5253214494035956, 1.5737718821622988, 1.5530854116505046, 1.273382831276592, 1.6343853702544504, 1.2173353848141442, 1.3666375110958786, 1.4915347179554073, 1.4707836751309182, 1.1683140509677656, 1.5019196279337823, 1.2417773136040182, 1.559580928668373, 1.3804995125476447, 1.2515670518409552, 1.3373439607549449, 1.5934175549038276, 1.3951414938810456, 1.4731164821809932, 1.657724690550053, 1.4227798636697628, 1.5397172431633193, 1.3367715838877965, 1.421681023033566, 1.35430222677089, 1.2475064646000003, 1.4113657742380303, 1.5014546411283072, 1.4760804538152372, 1.2750195463007141, 1.6736290043345314, 1.3390660847532982, 1.2895343351040838, 1.4974339532635388, 1.4973567402909862, 1.4728453398119759, 1.301794326782554, 1.1460796223785972, 1.5101269422514656, 1.3171626508726173, 1.5070441176786893, 1.8338498231373297, 1.4627905409169, 1.3607284203921868, 1.3084066730038466, 1.2192705919352695]}, "metrics": {"roc_auc": 0.7129333333333332, "fpr": [0.0, 0.0, 0.0, 0.013333333333333334, 0.013333333333333334, 0.02666666666666667, 0.02666666666666667, 0.03333333333333333, 0.03333333333333333, 0.04, 0.04, 0.04666666666666667, 0.04666666666666667, 0.05333333333333334, 0.05333333333333334, 0.06, 0.06, 0.07333333333333333, 0.07333333333333333, 0.08666666666666667, 0.08666666666666667, 0.09333333333333334, 0.09333333333333334, 0.1, 0.1, 0.11333333333333333, 0.11333333333333333, 0.18, 0.18, 0.21333333333333335, 0.21333333333333335, 0.22, 0.22, 0.22666666666666666, 0.22666666666666666, 0.25333333333333335, 0.25333333333333335, 0.26, 0.26, 0.2733333333333333, 0.2733333333333333, 0.2866666666666667, 0.2866666666666667, 0.3, 0.3, 0.30666666666666664, 0.30666666666666664, 0.34, 0.34, 0.36, 0.36, 0.36666666666666664, 0.36666666666666664, 0.38666666666666666, 0.38666666666666666, 0.3933333333333333, 0.3933333333333333, 0.4, 0.4, 0.4266666666666667, 0.4266666666666667, 0.44, 0.44, 0.46, 0.46, 0.5, 0.5, 0.5066666666666667, 0.5066666666666667, 0.52, 0.52, 0.5333333333333333, 0.5333333333333333, 0.54, 0.54, 0.5466666666666666, 0.5466666666666666, 0.56, 0.56, 0.5733333333333334, 0.5733333333333334, 0.58, 0.58, 0.5933333333333334, 0.5933333333333334, 0.6, 0.6, 0.6133333333333333, 0.6133333333333333, 0.62, 0.62, 0.6266666666666667, 0.6266666666666667, 0.6333333333333333, 0.6333333333333333, 0.64, 0.64, 0.6533333333333333, 0.6533333333333333, 0.6666666666666666, 0.6666666666666666, 0.68, 0.68, 0.6933333333333334, 0.6933333333333334, 0.7, 0.7, 0.7133333333333334, 0.7133333333333334, 0.7266666666666667, 0.7266666666666667, 0.8, 0.8, 0.82, 0.82, 0.8333333333333334, 0.8333333333333334, 0.86, 0.86, 0.8666666666666667, 0.8666666666666667, 0.9066666666666666, 0.9066666666666666, 0.94, 0.94, 1.0],