{"name": "PPL_lrr_threshold", "info": {"n_samples": 150}, "predictions": {"real": [2.5993556430869287, 2.5086585649925928, 3.3768780099132467, 3.273317761796446, 2.8968310689601227, 2.530337110563428, 2.9888690985537614, 2.84256468642786, 2.5071102410366244, 2.5502717682555107, 3.287672866366408, 3.416073477480935, 2.4206573715424997, 2.9643312552196237, 3.280956780814669, 3.767338501983084, 3.2278138599701856, 2.772990578555023, 2.686648371910257, 2.8255433656179956, 2.703516706866386, 2.795543183562049, 3.278672771196926, 2.8984278405640724, 3.6858638278904454, 3.5244394824052905, 3.234307548039028, 2.933295387722615, 3.204808289847697, 2.653650209916002, 2.632079175518867, 2.5708939980242085, 2.4863505837112014, 2.791572128163349, 3.018094474967331, 3.175578081233885, 2.9054443385066837, 3.539597645501514, 3.1499542122990483, 3.2746348894684894, 2.8989856027878607, 2.8411353132234907, 2.665325586382781, 2.9767034054850274, 2.581638615895791, 2.691485192299733, 2.8455591736469263, 3.158862852372375, 2.980088588185802, 2.6348310482444988, 2.817497657861982, 2.94933212810224, 2.7538677947170127, 2.6872012830875343, 3.105107990407116, 3.294563552012394, 2.966186839289698, 3.2723916298172475, 3.40498530440574, 2.8649385112623142, 2.5061350410818397, 2.896829980243192, 3.507393470239892, 2.4396608111683475, 3.2275323082311376, 2.5155751989243016, 2.8878798645261172, 2.4941067104333947, 2.86732302035324, 2.718420572211973, 2.9167707772730176, 3.091744320289243, 3.1045973491877503, 3.2224897988271093, 2.514925459255638, 2.4641065177391916, 2.9218434846848456, 3.1992538611389247, 3.58648492158984, 3.528470758545638, 2.5995038890433078, 2.8714890797341166, 2.9237935386356737, 2.8249667081186987, 2.5898825698577124, 3.0879190337990354, 2.8042480514356987, 3.8279443564637585, 2.9952370670283157, 2.515517657771671, 3.35041959652271, 3.1767873071000814, 2.7674601041206213, 3.450907042159815, 3.195136972104988, 3.3143615909784314, 2.931756021415191, 2.6620679391641073, 3.375828128315723, 2.8791380867031937, 3.7836686965918855, 2.6763360501389317, 2.5869997852154416, 2.7438880710979103, 2.5370918856587816, 2.6420222889586715, 2.6546733671800817, 3.181846761854905, 3.335198838756017, 3.1037291851548963, 2.6101649866994996, 2.91586627706661, 2.907921877338744, 2.6887376453912917, 2.874646504189277, 3.021092784560509, 3.3073284848953435, 2.5724582420494007, 3.397942886942469, 3.5263250670977557, 3.4457969727879836, 2.6489163275897303, 2.808160404033367, 2.9507124732636805, 2.4355192020612595, 3.0298236373350385, 2.686986219495095, 3.0750692501156447, 2.6819797151763605, 3.5444705772121474, 2.5991924249141904, 2.5244820590584585, 2.799142682094215, 3.506909090081376, 2.646540036263171, 2.9884412379185217, 3.4314623306472627, 2.4959062143839046, 3.100660683816029, 2.6645804015852685, 3.126564050315405, 3.258437755743889, 2.6768512708994088, 3.5163483647926532, 2.7183336790102293, 3.4440350703387352, 3.110512798135405, 3.4478532182420856, 2.8490679185176115, 3.3597002237757856], "samples": [4.341598062868639, 3.8717932487463935, 5.863655472542583, 4.480361430944668, 5.416528281482511, 3.2300292472040817, 4.095811719947557, 4.345030261889681, 4.621052324911609, 4.214944463871205, 6.006808066800203, 6.1086585992560325, 4.159515814127626, 5.469381314908845, 4.797430170877725, 5.629123870191928, 5.701231912677877, 3.805224587216175, 4.975330555270355, 5.374918380537229, 4.860792340249768, 5.402742281841525, 4.908980068293262, 3.567148751532025, 4.389591390674378, 5.385676877324109, 4.527926298712857, 5.395929748183698, 4.326502764873843, 4.0040776604168204, 4.9823053647636115, 3.6752884613288987, 3.7709601877034284, 3.80245022579522, 3.5140321750684804, 6.433182468806654, 3.9331555205012627, 4.975486909146884, 4.268415784097284, 4.115440098084618, 5.189151640515666, 5.453437899270281, 5.414378216328349, 5.169072651279647, 5.852277327612747, 4.6983241785132455, 4.701659910366476, 4.313551948245759, 3.3025372389305208, 4.889917965766035, 4.327830566216933, 4.862598674253764, 6.029862888586542, 3.576912763197009, 5.275576674211727, 5.1416744483526555, 3.911497865196661, 4.689733385026423, 4.099123909838246, 5.158974667623971, 4.751742070670356, 4.6318366431086435, 4.680843379086407, 4.1001829791451385, 5.257628228021988, 4.443862810169185, 4.223776765123617, 3.3953431419170053, 4.514889366271716, 6.238258932180523, 4.755090192434337, 3.456909856444231, 4.553364841191722, 4.298929011767221, 3.70602326947504, 4.613644677153661, 4.531962395017492, 4.269783922571972, 5.476397105088378, 5.057177741314581, 4.17128559556785, 4.204140849330063, 3.813677087325431, 4.77256562731173, 4.880191101514397, 5.4982252280694555, 3.959338019047363, 5.448333643415493, 4.293725592956983, 4.160247459234018, 6.891910877106685, 3.7967440922041282, 4.097817247075881, 4.067110619354352, 5.16785979578978, 5.034678631028849, 3.6552155246658398, 5.751882661664362, 5.795048373447349, 5.147778810670281, 6.139207209887198, 4.1099587987609265, 5.418873567211455, 4.7042368340000325, 3.8733767337345917, 5.5989930698264745, 5.419880011471878, 3.9117693882140343, 4.960389501520984, 6.030331137783716, 5.080396227610273, 4.495816216831772, 5.120866360226067, 6.097043299109209, 3.7152279341852874, 3.985965095292365, 3.663708275192815, 4.866221929274115, 5.602908652579215, 6.698141220666823, 4.871533757539923, 3.436124418184564, 5.54085547487134, 3.9881941185780136, 5.563301272767411, 4.011564441995947, 5.693083048561541, 5.005226019567272, 5.045842544905368, 3.4886847887625607, 4.571792616665898, 3.9297912372405097, 4.468799365100368, 5.023313867211013, 3.5217999266537725, 5.378273469968873, 5.280056011156534, 5.235522733866567, 5.401307692845614, 5.534529544327675, 3.237681541331702, 4.739601481998658, 4.656434371844786, 5.634622251231482, 4.26620860522154, 3.274219899679316, 4.728935851260694, 5.198086553779877, 4.652014644600849, 4.771993417309044]}, "metrics": {"roc_auc": 0.9887555555555555, "fpr": [0.0, 0.0, 0.0, 0.006666666666666667, 0.006666666666666667, 0.013333333333333334, 0.013333333333333334, 0.02, 0.02, 0.02666666666666667, 0.02666666666666667, 0.03333333333333333, 0.03333333333333333, 0.06666666666666667, 0.06666666666666667, 0.07333333333333333, 0.07333333333333333, 0.08666666666666667, 0.08666666666666667, 0.11333333333333333, 0.11333333333333333, 0.14, 0.14, 0.18666666666666668, 0.18666666666666668, 0.22, 0.22, 0.24, 0.24, 0.24666666666666667, 0.24666666666666667, 1.0], "tpr": [0.0, 0.006666666666666667, 0.8533333333333334, 0.8533333333333334, 0.88, 0.88, 0.8866666666666667, 0.8866666666666667, 0.9, 0.9, 0.92, 0.92, 0.9333333333333333, 0.9333333333333333, 0.94, 0.94, 0.9466666666666667, 0.9466666666666667, 0.96, 0.96, 0.9666666666666667, 0.9666666666666667, 0.9733333333333334, 0.9733333333333334, 0.98, 0.98, 0.9866666666666667, 0.9866666666666667, 0.9933333333333333, 0.9933333333333333, 1.0, 1.0]}, "loss": 0.010116703262262772, "PR_AUC": 0.9898832967377372, "Time": 486.77042531967163}