{"name": "PPL_Fast_threshold", "info": {"n_samples": 150}, "predictions": {"real": [-0.4636914263322529, -0.6161068203761866, 0.8735146933108701, 0.5766007000519121, 0.05380512480740608, -0.3028992834758493, -1.6865173369955508, 0.8268787031854098, -1.1220856935221726, -0.9915291925100441, -0.07608800644140637, 0.09782267263646416, -3.9359741362822134, 1.5409912655993634, -4.053586939395987, -0.8128115691307453, 0.8552588698182033, -1.1827989451214194, -0.5848149175665407, 0.005666228002187229, 0.3923110380628732, 0.008947049910045073, -3.1426006008931573, -0.3172356473577667, -1.4739563980622121, -3.1599198497684866, -0.10911763674219442, 0.07261620965623793, 0.8318712088388311, 0.5935198196236559, -2.9985948621425504, -3.119060863719699, -0.589951025623972, -1.419541520773706, -2.4752440009962666, -0.45201932789852856, 0.4572556548015761, 0.984243123840774, -1.3479718932538292, -1.6763189607353999, -0.408555696675004, -2.027078944223808, -0.13564256052289456, -1.2926304227449632, 0.08327808873192595, 1.103953487913474, -2.703791878238631, 0.16305569914014126, 0.2624506103324037, -0.7810533458807073, 2.4165006128317432, -1.8193728302929872, 0.267414120980191, -0.1588072975406891, -1.3603411498214177, -0.8235960443349395, 1.425023680291971, -0.7030709905844911, 1.1138080725152795, -0.30425818329654597, -5.01678730615235, 0.5602996897788679, -2.3117020311260963, 0.16759694381170676, -1.7552543337782835, -0.050019125462601295, -0.7732477919446803, -1.509893425897791, 1.183847285259155, -0.4400417572443538, -1.6381064455630325, -2.3968475905073676, 0.598982524405604, 0.5402418828403781, -2.43153943620527, -1.4869220019787104, -0.37189776655439655, -1.226950882019969, -2.077660918683752, -2.46077104979403, -1.5504739802189096, -1.5320512082428703, -2.8674882420685712, -0.2531076100530687, -2.3521133824662077, -2.5459904283198567, -0.566235014410371, -0.07647359172827689, 0.27208549826396977, -2.2365239807199475, -0.40645337001216614, 0.20402863976108343, -0.3326881611979725, -1.27080994610903, -3.4170185215517432, 1.7159840332800103, -0.3313613795517175, -2.4729303346936384, -0.16372075482235668, -1.0033854934863617, 0.8374282306278962, -0.7512941123764467, -1.3593976004623103, 1.926209762213574, -0.05596968069546144, -2.7374925309440403, -0.009768113506348595, -1.9616965183305481, 1.236177915070223, -3.456273827000816, -3.768749548575739, 0.6067258712933342, -0.5197806227898891, -1.5078811586195668, 1.031914606150358, 1.9791010814147048, -0.8306499619362149, -0.4488189808604247, 1.9656521211664653, 0.12200672481863549, -1.028576767871306, 0.34977077192315986, 0.20812185952225615, -0.15771654853006212, -1.5055069651718718, -1.3624418708414492, 0.9245066653749348, 0.011200311093822777, -1.8983266443724005, 0.003521854540159757, -0.06500065688174629, -0.9824487147867194, 0.23413294951573235, 0.7667577726120831, 1.0324700411922012, 0.49061982006839944, 1.0764742866590284, -0.5561041603237876, -1.0391829318948953, -0.3711952878074745, -1.7453915094957426, -0.6284153640880712, -1.7350490948966386, -2.0035657406325798, -1.898439366562202, 0.24151711813937832, 1.0849267527288742, 1.4685490457655115, -0.8573903685980233, -2.913243829849058], "samples": [2.3535749503024346, 1.2018625464630874, 2.7725394769108624, 0.5182077344867557, 0.861863481051964, 0.283257750112596, 2.657020128305077, 1.1261294559436612, 0.4680028474841387, 0.45103703431210135, 0.7618574867347411, 0.6735376641251918, -0.7276274927758462, 1.3008799024117548, -0.11617075924969222, 0.18169320377415066, 1.3965644275894211, 0.29014292120177276, 2.348147071895155, -0.012632497879922332, 2.8040195588747565, 2.4261661282832785, 1.6947733754947363, 1.7658245729387987, 0.9300312485269807, 0.49076077745811414, 0.16432391045047454, 3.62108069565741, 1.3107093707776576, 2.4105258963259315, 1.0794827243137537, 0.6551667099366855, -1.222235705966851, 0.33869749888094286, 1.3152817694471435, 1.3129838654812513, 2.975053945481489, 1.09722854474027, 2.619223160177995, 2.9139217057985745, 1.7285912091541324, 0.3557152451195895, 1.635445210231562, 1.365924302052933, 1.4728932176397338, 1.447570944676132, 0.33280019881557793, 2.5313498632752096, -0.09059607319626939, 2.841635515202952, 2.3829145802813922, 2.637776808102056, 0.34222124001056636, 0.5140307056887558, 1.1032692926067142, 1.168312845973339, 2.6038485012027257, 2.897830050593009, 1.3029378745576983, 3.590840600583868, 0.16582687921927833, 1.8530004000139009, 1.1740265359925806, 1.3826191422576275, 0.5315006310553544, 0.5482079544583301, 2.058352453048693, -0.28184125388251086, 1.4043358283972927, 1.2746811953953054, -1.3794647178660708, 0.30200795767513194, 2.2983963007816053, 2.641199341983832, 1.0594458132723568, 0.1746407599819991, 2.5681004243059173, -0.20842999133905155, 2.428242208987293, 0.10761220028303081, 0.9468714852498857, 0.041728093203963555, -0.25250231422441366, 1.609359437747016, 2.3132595789371906, -0.7150894027793773, 1.0462558635901873, 1.438703391898193, 1.740989282759042, -0.34735229127723327, 1.1765229569712772, -0.26907429718402853, 2.0816855531399985, 0.8910641622314198, -0.032335478327839604, 1.418234322923359, -0.6497002601544943, -0.968839064991143, -0.5269673601331646, 0.6317886370580171, -0.3295466428491669, 1.1242783919928536, 0.23178020001510988, 1.8984993274386004, 2.6780296711887908, 1.1117591173105967, 1.6554384246204177, 0.8471258151466426, 2.294336553863425, -0.2194180762503687, 0.2486115116853132, 0.419062569992335, 0.2174962772332353, 1.0843737038658174, 1.957766622236502, 0.8958336060666795, 2.3377808560567552, 1.1480998453460969, 1.824444223697479, 0.36839813658022225, 1.0859889746704725, 2.02751145446167, 1.8566804536305732, 1.5551094849410314, 0.3547352494504758, 1.33342365181423, 1.5853912755894626, 2.017347431827614, 1.6378717754229168, 1.0811092418381314, 0.1615755780165218, 1.5077698914534066, 1.7791795813432618, 2.3649810746433766, 1.0617311220616321, 0.574335464569529, 1.4653950133883327, 0.4460101961148756, 0.378939938734393, 1.2529514321112492, 1.6323553698227296, 0.3258128562247787, 1.1479320821629957, 0.8993685107984644, 0.9900313822425102, 2.68944381573581, 2.537604443581211, 2.04906074230743, -0.3406363739186725, 0.9510403252413467]}, "metrics": {"roc_auc": 0.8598666666666667, "fpr": [0.0, 0.0, 0.0, 0.006666666666666667, 0.006666666666666667, 0.02, 0.02, 0.02666666666666667, 0.02666666666666667, 0.03333333333333333, 0.03333333333333333, 0.04, 0.04, 0.04666666666666667, 0.04666666666666667, 0.05333333333333334, 0.05333333333333334, 0.06, 0.06, 0.06666666666666667, 0.06666666666666667, 0.07333333333333333, 0.07333333333333333, 0.08, 0.08, 0.08666666666666667, 0.08666666666666667, 0.09333333333333334, 0.09333333333333334, 0.10666666666666667, 0.10666666666666667, 0.11333333333333333, 0.11333333333333333, 0.12, 0.12, 0.12666666666666668, 0.12666666666666668, 0.13333333333333333, 0.13333333333333333, 0.16, 0.16, 0.18666666666666668, 0.18666666666666668, 0.19333333333333333, 0.19333333333333333, 0.2, 0.2, 0.20666666666666667, 0.20666666666666667, 0.21333333333333335, 0.21333333333333335, 0.22, 0.22, 0.22666666666666666, 0.22666666666666666, 0.24666666666666667, 0.24666666666666667, 0.26, 0.26, 0.2733333333333333, 0.2733333333333333, 0.28, 0.28, 0.2866666666666667, 0.2866666666666667, 0.29333333333333333, 0.29333333333333333, 0.32, 0.32, 0.35333333333333333, 0.35333333333333333, 0.38666666666666666, 0.38666666666666666, 0.3933333333333333, 0.3933333333333333, 0.42, 0.42, 0.4266666666666667, 0.4266666666666667, 0.44666666666666666, 0.44666666666666666, 0.46, 0.46, 0.52, 0.52, 0.56, 0.56, 0.5666666666666667, 0.5666666666666667, 0.6133333333333333, 0.6133333333333333, 0.66, 0.66, 0.7066666666666667, 0.7066666666666667, 1.0],