{"name": "PPL_likelihood_threshold", "info": {"n_samples": 150}, "predictions": {"real": [-1.9760182599471057, -1.7013980321878015, -2.184912028645515, -1.9736465729743495, -2.060059991657725, -1.875694218066163, -1.691102704335633, -1.7037637602694455, -1.9534929048329754, -2.21276995581293, -1.6007768452729043, -2.0475817975429655, -2.20929797045357, -1.9628034857244485, -2.3314616686751357, -2.2801728901693434, -1.9142344381970258, -2.135312007020353, -1.8515615480460401, -1.7846111910536193, -2.408756661554268, -2.054478510132833, -2.0451161214042664, -1.6468955628502322, -1.873176221047789, -2.2275529218931798, -1.807684913662891, -2.142178339385541, -2.1586896170968064, -1.5285510272708673, -2.27280682710493, -1.5239445742297493, -1.9078714826080665, -1.6363156335362066, -2.0367509511534228, -1.8594914005275691, -2.065165683651609, -2.190642440338293, -2.4400383227393294, -2.0090683610101254, -2.2892014636120024, -2.3408980945003526, -1.8793142195822394, -1.9766690439380932, -1.808693509920085, -2.2984095359406553, -2.08633913282332, -2.202478095300758, -1.9631090991949873, -1.8069670709567434, -1.633242564887674, -2.171626386461445, -2.185395896567825, -2.2548921857494846, -2.209433323805033, -2.3629029662419145, -1.87134563531368, -2.2217317781139014, -2.0213344975548684, -2.1173724780530945, -1.733568201928213, -2.031656350428126, -2.0055632829574725, -1.7726596086766953, -2.0944901195762444, -2.0240911334530733, -1.9470163997241823, -1.9365648882066517, -2.376159372434957, -1.936980124213468, -2.290681903320772, -1.9407762609895047, -2.080659845530418, -1.9597420950487874, -1.9080316551296397, -1.8704836929095727, -1.9766662802402248, -1.9083383030866807, -1.6076180221254248, -1.5654499293312136, -2.1637341088444524, -2.1464255782085813, -2.298590685045165, -2.0926672193492273, -1.6625817487928525, -2.174424131673644, -2.3360025120896992, -1.933771046732733, -1.860893554266568, -2.1059231610642537, -1.9536128071697312, -2.0847755991299572, -2.309691957024124, -2.4404608336162474, -2.0746856324241145, -1.9585584071633484, -1.9192957076334718, -2.3660517167576445, -2.2053141388337236, -2.0293952913860163, -1.8850444880596875, -1.7324872904566, -1.8336793085998906, -2.3444716881370344, -2.035283610384446, -1.9801279183351246, -1.5857748184270375, -1.956853280620719, -2.2455942636237998, -1.9288122040144569, -2.4711388372534806, -2.0466019995072355, -2.7041714960282146, -1.9403326476685034, -1.9231469494562243, -2.134428698105295, -1.948171333044502, -1.804525925343532, -1.8470045327363798, -1.9565617372213393, -2.258109366308225, -1.6338897517512163, -2.10788793636967, -1.8534145266359794, -2.2369642538467867, -1.5559629815477047, -2.029943159236618, -2.2351460807402335, -1.7936102281393096, -2.131686308959622, -1.863880610503985, -2.024388548922255, -1.812753632654052, -1.8604782871519205, -1.8956867356180829, -2.186436127072106, -1.8840349975742152, -1.5388701488540455, -1.9190582208317946, -1.8019470873830017, -1.7441711739201722, -1.8823753147135804, -2.1574984087563145, -2.0744955405419705, -1.7863623876500454, -1.856357382105111, -1.6599296612776826, -1.740263427645303, -2.1356690392681883, -1.8216611380375232], "samples": [-1.7413772733042563, -1.2586233397043582, -1.4076643995044256, -1.4575753767164643, -1.3068625051011302, -1.4222837039447764, -1.5964538699321629, -1.22004331601699, -1.4589926058377818, -2.034230193545567, -1.2044180306729397, -1.8346769517732244, -1.4064369544711688, -1.3195479539086743, -1.3440345929409823, -1.739019695355097, -1.6579388872068859, -1.7349716106820734, -1.2324236798507955, -1.6431491292424356, -1.0807608713665644, -1.7332656085171982, -1.5053319159657754, -1.3663300613904354, -1.6401626473518813, -1.5689128585940875, -1.4375611013830896, -1.3818678254370653, -1.4588911186719649, -1.1201596720671094, -1.6893558061093392, -1.6997623723771473, -0.8540704699250643, -1.0093736847584165, -1.160673316404766, -0.9749527310060936, -1.3920376324893982, -1.3375953034312689, -1.9441602202900474, -1.1935968214607853, -1.280198465950403, -1.021608946656655, -1.6153937191817143, -1.6809145821256843, -1.317172773050718, -1.136444290553239, -1.8179049095313744, -1.2626009777447076, -1.6767987817883228, -1.2823176863707586, -1.5829476802018678, -1.5858601508880479, -1.11289646148694, -1.9924978491886012, -1.7621178680674534, -1.2528315658599714, -0.925880812163299, -1.359086289650251, -1.2605620742996015, -1.4943417372989567, -1.6259039095622847, -1.9240520861728967, -1.411275438643509, -1.8019670092732138, -1.8089692070309749, -1.60191960131674, -1.2516747222001539, -1.7744382792423272, -1.72374611129224, -1.0909738810903071, -1.2832636727199622, -1.393121446444913, -1.3588041347147761, -1.091406129426558, -1.1813820375718913, -1.3968753370712852, -1.2738989509848864, -1.4044401738739376, -1.6221928483661392, -1.4154208102203543, -1.8048577660733633, -1.5814798841365052, -1.2248341811192214, -1.1400930789275012, -1.6828807188624157, -1.0697441352149817, -1.935189893984083, -1.3866337380642009, -1.2059763861492272, -1.4380661630836735, -1.2429976643171177, -1.1609780708333435, -1.5863024187538297, -1.4546986291051411, -1.091219514649675, -1.31904679309893, -1.205764726275202, -1.1626124166113696, -1.4184532631748523, -1.1435057747559343, -0.9928839665169757, -1.2176848340448272, -1.1822919642080063, -1.3154363391750485, -0.9588926017017103, -1.2304377074475636, -1.5402112863553303, -1.3707373497312052, -1.7797421400665958, -1.2328562231094866, -1.394857114121163, -1.4851892251014436, -1.1634950285128063, -1.7338163788119243, -1.2475400756254564, -1.2780786954917989, -1.6002391156764044, -1.0100124298580109, -1.6740789507017733, -1.3591702995193335, -1.3362228260960047, -1.2085518807052824, -1.303668968605467, -1.4354292497050833, -1.5847194543872434, -0.7893055345226867, -1.543086155994179, -1.0639722974610126, -1.2327691751106697, -2.025250119125593, -1.6175255914061244, -1.5438326732392555, -1.7829674824831643, -1.6533116171553035, -1.7034044561150519, -1.3961492881274646, -1.2336287864844384, -1.225411307584662, -1.3059570223835635, -1.4087774477399053, -1.482306218638159, -1.3669982588461533, -1.243323673328962, -1.3118383282711932, -1.7392335754330326, -1.688373172667004, -1.8528079367240609, -1.430648315586164, -1.2021439945158114, -1.5513239892937793]}, "metrics": {"roc_auc": 0.9519111111111112, "fpr": [0.0, 0.0, 0.0, 0.02, 0.02, 0.03333333333333333, 0.03333333333333333, 0.04, 0.04, 0.04666666666666667, 0.04666666666666667, 0.05333333333333334, 0.05333333333333334, 0.07333333333333333, 0.07333333333333333, 0.08, 0.08, 0.09333333333333334, 0.09333333333333334, 0.1, 0.1, 0.10666666666666667, 0.10666666666666667, 0.11333333333333333, 0.11333333333333333, 0.12, 0.12, 0.12666666666666668, 0.12666666666666668, 0.13333333333333333, 0.13333333333333333, 0.14, 0.14, 0.14666666666666667, 0.14666666666666667, 0.17333333333333334, 0.17333333333333334, 0.18, 0.18, 0.2, 0.2, 0.20666666666666667, 0.20666666666666667, 0.22, 0.22, 0.23333333333333334, 0.23333333333333334, 0.38, 0.38, 0.3933333333333333, 0.3933333333333333, 0.42, 0.42, 0.52, 0.52, 0.5533333333333333, 0.5533333333333333, 0.5733333333333334, 0.5733333333333334, 1.0],