{"name": "PPL_Fast_threshold", "info": {"n_samples": 143}, "predictions": {"real": [1.0853088247414955, 1.1585076655400546, 0.8113593855747595, 0.8003727404334949, 0.2457209393262453, -0.42673822562089586, 0.49414584495385794, -0.9492964533998084, -0.12249395112572017, -1.2525349088678501, 1.9525226555660513, 0.08046832024161153, -5.193135616300552, 2.3233606541391, -1.411037260520129, -2.3160520911533102, -2.3527255771603452, -1.5525784097913717, 3.8138386004906697, 1.2294201835840552, -2.429494520400993, 0.3538929575901856, 1.4882973729161504, 1.5000141549159334, 0.608868915587452, -0.3809267899652002, 1.2868899465881176, -0.8704452247410566, -0.6882544478577001, 2.2709311532552565, -1.517936610116887, -1.3239862061127736, 0.9908586819034252, 0.8645237395742753, -0.572404133512293, -0.02960815645813891, -1.2702318464500213, -2.2131911776936724, -3.4336397642984537, -1.966572875608836, -0.23990283448427463, -1.4251883074174683, 0.3060988466916739, -2.1124804459283846, -0.7407228962873715, -0.95392295281312, 0.07849099902359134, 0.9708353248814151, -2.014812651571313, -0.7631728569130606, -0.4820866795366549, -1.8762291772737771, -2.152711136184962, 0.17283498711242326, -0.0315570636955948, 0.041004599057905634, 1.716325183525706, 1.1125510833941117, -4.492519693515704, -1.70530381999546, -0.11962289241712983, -1.2793690817360974, -0.12391045652327407, -3.290083716864221, -1.7050284167342271, 0.30693911851024563, -0.39440869129852796, 0.11943179701191302, 1.1908274081838113, 1.1692317744008651, -1.4260171847083953, 0.903510101440863, 2.614832086196782, 1.1728780632424434, -5.177947652132293, -0.7731230892215406, -0.3919801556445569, -1.1451646943868625, -2.202876488767305, -1.0812301854665998, -0.35743853994808095, -0.5846377038950921, -3.628012675428917, -0.07919410534475287, -1.877553469713114, -3.4981061477415225, -2.5034862529022175, -1.923913649049189, 0.3492143516137828, -1.5201265693359598, 0.35340174064565033, -0.5419067381130402, -1.9050035360880864, -1.720290776363262, 0.785950066056998, -0.03775544937765103, -2.3796973301333146, -1.9068306489653786, -0.7298851943453015, 2.919240226167888, -1.4843067761077233, -3.6520857359588046, -0.6619497656667873, -3.602363001395294, -0.3623021642334528, -6.395010480092701, -2.236709638958719, -0.4828384360473354, -0.6953755249976805, -0.863582665016145, 1.6671721614947046, 0.3770058010156272, -0.7836724334545652, -2.0680576892698195, 1.3834107954401196, -1.1705599052057567, 1.4920638277320601, -1.207496769739794, 2.2861143108486677, -1.8713847090860538, -3.9034300062818126, 0.054347278645866484, -1.92921735863565, 0.6841128627730283, 1.8881952623799236, 1.3244441817812778, 1.4582999916261739, -2.291530442078994, -0.7889378155311698, -0.8589826688108355, 1.75731090036378, -0.8156340131417358, -1.5566644078839824, 0.3599070414573978, 1.0501727768662104, -2.264867635446511, -1.549889753468561, -1.7693426656867828, 1.3000510567378694, 0.22126004100407, 1.9980521130402384, 0.36891210323549367, -2.0794684201069957], "samples": [6.403398392073331, 4.117734906514137, 3.2904891719799765, 6.6909084517497535, 4.788561502673972, 0.4905535931393442, 3.719453226173606, 7.264581948446822, 6.531234795580569, 7.153565296092317, 8.352980943027541, 6.1733061410082914, 4.413252773379483, 5.476839412127176, 5.663327197342927, 4.435755324259273, 7.405252694644037, 4.293024382739617, 6.4992169312308, 4.631549330760319, 7.343829460172774, 6.2543654256929235, 2.5653511769663218, 7.00912010931423, 4.728336701454795, 6.200965838522484, 5.8904345713476625, 5.022544811375377, 17.068402208370685, 3.9549311613312246, 4.870446876371862, 6.341578427773559, 9.282565897768906, 8.581700821459957, 3.875029823717512, 7.491654208148336, 11.907415509824387, -0.9007618158060842, 2.9421057189515993, 4.58388611661971, 9.716351796084487, 8.143643810858606, 3.9231800153348817, 4.70813946641746, 8.093581886656287, 6.8777413611776375, 4.48679406361267, 6.148266926333141, 9.323223741635182, 14.145409416031793, 4.983555354698952, 8.874164123437781, 5.330099964835992, 2.732836675953733, 8.68237904298187, 7.0951610346133345, 5.751328782411856, 4.2034195897615385, 1.6617576252082185, 5.892729766612685, 4.758582866533596, 9.419030943838825, 7.8561834417186915, 5.471777429471747, 6.560918455648405, 7.5189905749770505, 5.900571263913578, 5.25755547867109, 4.304982594933348, 12.975141024885236, 6.896313583646138, 6.6354246183337375, 7.079755073135448, 7.676259467770788, 3.1567569382398695, 3.401874705706742, 10.39068914443457, 3.848615579825613, 10.252442315956781, 3.2036079923834286, 9.676724821122699, 3.8296239231633264, 8.132567156220341, 7.524981005607136, 5.487250083248849, 3.130082163151479, 8.300212034692223, 5.723998181169902, 4.43807030510915, 6.490218446221523, 5.356094877130814, 4.503946675576954, 2.0321902964835434, 8.508281881540798, 3.5603129783692573, 7.700083819460896, 3.5111141888620945, 5.193871567831089, 4.691779358696284, 5.448644024028033, 4.759199080579245, 5.065802720346606, 3.3709271164051855, 5.389215345696832, 5.34678253799733, 5.421200285820227, 6.960475409396557, 10.041634381797397, 4.4792192537546125, 2.8807664148824026, 4.240642293386925, 4.1938834352286065, 5.741244794396236, 4.726083231860658, 8.471287926178048, 7.895192550031554, 6.275563742564975, 5.910580835583425, 7.305448358986565, 6.64313530561345, 4.3968321016024445, 6.86191584790961, 3.339924853508763, 4.619683805199492, 10.870100782573877, 4.289469070498506, 8.254569873120946, 5.763157687196879, 3.646529632207721, 7.336029365639626, 6.254613248646348, 5.006667771199691, 7.016596251946435, 9.550633258929233, 5.434141336929042, 4.650954175421882, 4.958602826657389, 5.418168263613459, 8.639658390976725, 7.248456453435271, 7.747170688584523, 12.780524103234312, 5.463850096346948]}, "metrics": {"roc_auc": 0.9921267543645166, "fpr": [0.0, 0.0, 0.0, 0.006993006993006993, 0.006993006993006993, 0.013986013986013986, 0.013986013986013986, 0.02097902097902098, 0.02097902097902098, 0.04195804195804196, 0.04195804195804196, 0.08391608391608392, 0.08391608391608392, 0.26573426573426573, 0.26573426573426573, 0.6013986013986014, 0.6013986013986014, 1.0], "tpr": [0.0, 0.006993006993006993, 0.8671328671328671, 0.8671328671328671, 0.951048951048951, 0.951048951048951, 0.965034965034965, 0.965034965034965, 0.972027972027972, 0.972027972027972, 0.9790209790209791, 0.9790209790209791, 0.986013986013986, 0.986013986013986, 0.993006993006993, 0.993006993006993, 1.0, 1.0]}, "loss": 0.005941571175020366, "PR_AUC": 0.9940584288249796, "Time": 1114.4225401878357}