{"name": "PPL_logrank_threshold", "info": {"n_samples": 150}, "predictions": {"real": [-1.0361316148628708, -0.8441672039056053, -1.1297079570849806, -1.0306891160944205, -1.0834651111873275, -0.9789698841165991, -0.8715049728070634, -0.8595537852192918, -1.0800216707008246, -1.2074410306197387, -0.7908018616198662, -1.058605896961882, -1.2186172562007946, -1.0153317384990521, -1.3190238970324415, -1.2163072606634342, -0.9789845821088077, -1.1378703948395008, -0.9506772745596025, -0.9273300979421567, -1.347367677238649, -1.0658499436660145, -1.1198149480778818, -0.8585115184052787, -0.9497710128067532, -1.2428194722611372, -0.9200248803323707, -1.1705919603126307, -1.1539707155194772, -0.749186789936831, -1.2421847671312258, -0.7373022419931173, -1.0225538882465417, -0.8159958888711174, -1.0713932879047559, -0.9687517234348023, -1.1041877966295335, -1.1629678281842877, -1.3813675684229427, -1.076805222074577, -1.283852407812867, -1.2524819650226988, -0.956756522798801, -1.073261149299047, -0.927652495558715, -1.2905393620276688, -1.078205766983071, -1.131024554493626, -1.0229200001320753, -0.9009629123183214, -0.8098609019047601, -1.208864778227305, -1.146837123240698, -1.2376094401846554, -1.2024864494350107, -1.3872679960947658, -0.9688769294042407, -1.2098619952697935, -1.0207205660768894, -1.1120189293330995, -0.8887456598711624, -1.116568901673797, -1.0684021335929976, -0.8661367949372636, -1.1717342271458426, -1.0489488042097437, -1.0528323983237011, -1.0216582236244196, -1.334238813032761, -0.980093607636225, -1.2613509280582997, -1.011821901860296, -1.1016086669461327, -0.9970978033824549, -1.0444514472990565, -0.9485403361593465, -1.0055990033432831, -0.9966000209968926, -0.8144481806226813, -0.791269141057889, -1.2100470039346811, -1.1540743311920503, -1.2647453360767404, -1.1085826507243737, -0.8123560295088004, -1.1875752366886247, -1.2338604150348378, -1.001028169676818, -0.9025927695648893, -1.1848292200588328, -1.0437523313716255, -1.1407973560825948, -1.2652501128789007, -1.3158813993695448, -1.0862025930282448, -1.0019375143211628, -1.020336740793492, -1.3123719231401707, -1.1794722589171358, -1.0625891200420912, -0.9548778988462883, -0.8712564515825034, -0.8853281380796312, -1.2353957683254655, -1.0456423264378059, -1.0626295202902534, -0.7452501263310859, -1.0497849791813312, -1.2183851192721367, -0.9687113817420638, -1.314726966929303, -1.0869332520542365, -1.5202028996085726, -1.0143358314145428, -0.9864211323581806, -1.113786204655763, -1.027051214281769, -0.8605905577091697, -0.9426448771344639, -1.0511992060987096, -1.2022058393174857, -0.8037763585558334, -1.1398138516541076, -0.9455000150931, -1.2742264437348356, -0.7389948563585461, -1.0371053835778823, -1.1932220025509241, -0.9007376804782884, -1.2050186430366845, -0.9229913851670539, -1.052894635552708, -0.9131465127353114, -0.9459824827136234, -0.9333746149315557, -1.140786735006448, -0.9637272407728048, -0.7178723978612331, -1.028433345463188, -0.9019258974311488, -0.896283352829356, -0.9682154904418352, -1.216105411925312, -1.0906021407242772, -0.9134202387365871, -0.9200912997819558, -0.8080390558399635, -0.8757249691372426, -1.1250813188363387, -0.931174552491266], "samples": [-0.8918414660530112, -0.6708048567522519, -0.6949024433342296, -0.7335756351051564, -0.65684519000873, -0.7468130445084439, -0.822659814997194, -0.5879080290273325, -0.7662525113475824, -1.0372233709989067, -0.5800188587103956, -0.9220703230239529, -0.6953825662950983, -0.6893626405291431, -0.6993482785482538, -0.899707052183293, -0.849935961099008, -0.9039343544253755, -0.5996360952007336, -0.8529001422606554, -0.551553484803141, -0.9081791587567317, -0.8066930066602948, -0.7170979880611548, -0.836484770900501, -0.7832695415133745, -0.7112435213634264, -0.672503296657268, -0.7274759221669986, -0.5767947226986999, -0.8099324926700706, -0.8535966958474136, -0.40889270912378045, -0.491927092739746, -0.5800207404411629, -0.465040704655298, -0.7494977016645263, -0.7084580334780166, -1.0142371473146095, -0.6209755929755154, -0.6685495307811278, -0.5174304571173183, -0.8608042325259663, -0.8901713228366773, -0.6799330808418755, -0.5585971297905153, -0.9759115271717722, -0.6465475207918586, -0.8366733789678494, -0.6575247671506139, -0.7873660472671199, -0.8115567406065761, -0.5780746917259425, -1.1324681380766612, -0.8824939619746194, -0.628184505423547, -0.4581799053330533, -0.7086844410757169, -0.6423841888528595, -0.8148933909332404, -0.8248067944012206, -0.9574322580627938, -0.6860185762660878, -0.9120484025842873, -0.9025986142180558, -0.8225579346396511, -0.6595680802173713, -0.9448389703543636, -0.8711600133367333, -0.5726801217761953, -0.6674796699291226, -0.7384657266507791, -0.6903488096106634, -0.5631893971919453, -0.6337730545422229, -0.695215972841749, -0.6663977996588213, -0.6523375494388638, -0.8332341360092413, -0.722440585336039, -0.9420699450868413, -0.7986096839517167, -0.6152735412159791, -0.5603554556949607, -0.8626646031251116, -0.5241281605151771, -0.9953313856011222, -0.7086764459217924, -0.5887147015638895, -0.7461075456276096, -0.6268827485657291, -0.5623425376828004, -0.8120046607057085, -0.7562308634102202, -0.5455232948808976, -0.6611590722762622, -0.6043262582427701, -0.6012718886797386, -0.7142322337780391, -0.5614163454708357, -0.48975388983063445, -0.6014976051696492, -0.5924809622567003, -0.6619210086430901, -0.47283567005495547, -0.6517401739796339, -0.7471874064585211, -0.6972746571015733, -0.9608381368990021, -0.6405498002208847, -0.729785253316332, -0.7492735737865821, -0.5799609556920958, -0.9239431276246682, -0.6306360279508625, -0.6749551870819396, -0.8590486238998785, -0.4540450591768738, -0.8600842825670308, -0.7221623992361342, -0.6752426953510685, -0.5964382718013232, -0.6598752369673888, -0.6454357163148847, -0.842970751164149, -0.3708283270496517, -0.7829066430407555, -0.535865874452112, -0.6004543367307634, -1.1243251716475564, -0.784498026062643, -0.7862660325303088, -0.8644368442250996, -0.8514167337060391, -0.830815319382609, -0.7379923815399422, -0.5922368453748322, -0.5891551657022575, -0.6847939193281173, -0.7415598366702276, -0.7717406893501105, -0.6805891336877377, -0.6237656295085431, -0.6829230829360619, -0.8833557922467178, -0.8209524738191775, -0.965447536126935, -0.7440809382050443, -0.5871205737006525, -0.7891796305841562]}, "metrics": {"roc_auc": 0.9398666666666666, "fpr": [0.0, 0.0, 0.0, 0.006666666666666667, 0.006666666666666667, 0.013333333333333334, 0.013333333333333334, 0.02, 0.02, 0.02666666666666667, 0.02666666666666667, 0.03333333333333333, 0.03333333333333333, 0.04666666666666667, 0.04666666666666667, 0.05333333333333334, 0.05333333333333334, 0.06666666666666667, 0.06666666666666667, 0.08, 0.08, 0.08666666666666667, 0.08666666666666667, 0.09333333333333334, 0.09333333333333334, 0.1, 0.1, 0.10666666666666667, 0.10666666666666667, 0.11333333333333333, 0.11333333333333333, 0.12, 0.12, 0.14, 0.14, 0.15333333333333332, 0.15333333333333332, 0.16, 0.16, 0.18666666666666668, 0.18666666666666668, 0.21333333333333335, 0.21333333333333335, 0.22, 0.22, 0.24666666666666667, 0.24666666666666667, 0.25333333333333335, 0.25333333333333335, 0.3, 0.3, 0.30666666666666664, 0.30666666666666664, 0.3333333333333333, 0.3333333333333333, 0.36, 0.36, 0.4, 0.4, 0.48, 0.48, 0.6733333333333333, 0.6733333333333333, 0.6933333333333334, 0.6933333333333334, 1.0],