{"name": "PPL_likelihood_threshold", "info": {"n_samples": 150}, "predictions": {"real": [-1.935099150871345, -1.7079139866017987, -1.9629774581533164, -1.9471582610844622, -1.9660105345568588, -1.7911233795972727, -1.6979435491676813, -1.8260610640619246, -1.9917205458337879, -2.1716108594701664, -1.7026766187331706, -2.004306063905615, -2.1562391199597584, -1.9504333565282557, -2.2200990558288827, -2.2295217843719892, -1.9910914757339642, -2.1404304963968324, -1.7719022520551608, -1.7857284825537898, -2.409527729336697, -2.028264462298294, -1.906119929805452, -1.6787481994433582, -1.8211060893175006, -2.0502770172526583, -1.8710628790454358, -2.219054313061314, -2.195760587260758, -1.5463560901987008, -2.274006239510709, -1.6383888664549102, -1.8474084949733132, -1.6480405376726632, -1.947850617973845, -1.871427767874888, -2.1618283406323284, -2.0369282311945596, -2.436534184833254, -2.118505181852031, -2.2491177602318864, -2.3171399689418046, -1.9561831095509967, -2.038442278283028, -1.8638981346607169, -2.278941664387439, -2.0791972435157984, -2.1237809760738022, -1.9751752963169904, -1.8011638747328713, -1.5504207145752034, -2.2070998047086148, -2.1199944889877544, -2.6542873261712843, -2.209331277717729, -2.2964115683774677, -1.8422176261701746, -2.104503946191098, -1.9657892552026526, -2.0924423452436387, -1.7342949153832443, -2.186155550266033, -2.122301301423993, -1.6517535475991918, -2.1606924446933773, -2.0608551377890456, -2.0563779489408933, -1.9848506043876126, -2.3592417868401516, -1.903286123287688, -2.154400119554296, -1.8790127544398345, -2.0692629056176908, -1.9815909682791168, -2.0090911277176087, -1.765602699252916, -1.9634834022911023, -1.967123153094038, -1.6587189520094523, -1.495199278389231, -2.5194140884040315, -2.127983270336115, -2.157690138713964, -2.188268927259921, -1.6703695637968228, -2.2461539147847844, -2.085688538620367, -1.77046000196438, -1.724070595937886, -2.036102263761836, -2.0110926800294155, -2.1645432551143453, -2.3585545400397314, -2.364221871830977, -2.1854549696381844, -1.8546488686351972, -1.9513052643085362, -2.2240187219901415, -2.270600244225894, -2.0984112511477684, -1.9666648834112077, -1.7458065738049868, -1.7344889933884928, -2.1960609900192862, -2.029095159822444, -1.9841997512075298, -1.4718022535266653, -2.1861494864292705, -2.2482348696562466, -1.9072049283371384, -2.5402533894848127, -2.045640077696392, -2.5383508393149046, -1.8918852962253059, -1.9194968174881077, -2.1017846046564035, -2.0083821198403493, -1.789377462398452, -1.8174956613038449, -1.9457922240947836, -2.3286274192451093, -1.660346187984626, -2.0189559816574434, -1.6836224528106873, -2.2716335321259553, -1.5068558739348223, -1.9492047284133263, -2.118950316620121, -1.7447887446524342, -2.2750124664113587, -1.905797543766339, -2.0744191862964616, -1.7590410900966051, -1.7656754502647876, -1.8051200544937553, -2.171845607487031, -1.975947100605473, -1.551514473689565, -1.9729261355274748, -1.908493725917874, -1.7545371530004956, -1.8740834426723247, -2.1787506806730357, -2.0385420522809268, -1.8479885493368298, -1.805512919640893, -1.7137462289378358, -1.7531591412067076, -1.9854091245774361, -1.819375062085761], "samples": [-0.9876841960756232, -1.0168232101843053, -1.0388896993547205, -0.9737152385149827, -0.8542922203919494, -1.0754292303591277, -1.0576467337375364, -0.8798875496442201, -0.8767356504778483, -1.0008222565437455, -0.9959556736173373, -1.0831112381685277, -0.7919969661584773, -1.0973331449712098, -0.9710978719168638, -1.054924469913596, -0.8328049180914827, -1.0833320482853028, -0.9980580478118206, -0.8176222702682296, -0.9904874306971466, -1.0479732465719025, -1.1103990308205738, -0.84988180087831, -0.9464178691035627, -0.8916212037208953, -0.9353231186760439, -1.0118667604011886, -0.8592840022627725, -0.7889757852224086, -1.0942073834530197, -0.7489321497617953, -0.5324245392309916, -0.6845255917470967, -1.172590637438918, -1.077241929241304, -0.9386941746687018, -0.8915919517887193, -0.9681238409021369, -1.0442803919343524, -1.0574189788225556, -0.7825344473447503, -0.8420918829297591, -0.9675011869012432, -1.0379126548925013, -0.842964263593625, -1.0166204058096815, -0.607229635778361, -1.019161632006624, -0.9674609785265192, -0.9256695884979574, -0.9777310836094311, -0.8282071909213208, -2.505717734442288, -1.1041074331171428, -0.9284375128920175, -0.9434362509965242, -0.9707518479268181, -1.0035954114063659, -1.2616975678416875, -1.0355585348467207, -0.9421891240655041, -0.9844229081701735, -0.9413537878091802, -1.3839401712538495, -0.7411546213053081, -0.8899650970165144, -0.9236262404795028, -0.9745234551306027, -0.9604586549048821, -1.0862701602550746, -1.0352625239690039, -1.0081670434044872, -1.0071118098894518, -0.9247563096179431, -0.966398608292703, -0.8738233005240647, -0.8850721760965023, -0.7312848521230033, -0.8590266361459515, -1.1945829366214356, -0.7315045304647152, -1.076350661172525, -1.0420551590431373, -0.8451221734087933, -0.7369078934387114, -0.7383270107406962, -0.90517853221572, -1.0373763913844594, -1.1067213537378788, -0.9889170570415285, -0.8248824849835602, -0.8739737330562874, -1.0787716220605212, -0.8249154782211053, -1.0467335589340399, -0.9454605372540349, -1.0803098817789347, -0.9240058906516913, -0.8889795702732679, -0.6240393227107527, -0.971667076030812, -0.6899944770403631, -0.8764483383243918, -0.935674130302672, -1.0526923648179145, -0.6964669940681578, -0.9965425701911499, -0.8770607681475898, -1.005376496061484, -0.9841935353199558, -1.0229017969761776, -0.8686944526432948, -0.8844961419626194, -1.0966008435619716, -1.0019993658565858, -0.8926482192364007, -0.7498174003839568, -1.155993281903928, -0.9539265255564454, -1.0105784697707156, -0.937151653036856, -0.9750006449389773, -0.9703410501811802, -0.9620590708316593, -0.9203531141107304, -0.8664122313514288, -0.9646382968565699, -1.0798301287649628, -1.008608368096458, -1.086438900758159, -0.9110626831106983, -0.8873855857152809, -0.8814974062864595, -0.8596835822606284, -1.1902490925012306, -0.9469155629134106, -1.1158200383451522, -0.8589776127179504, -0.8969350244995288, -0.7393497052953096, -1.1812237757987993, -0.9754529950565144, -0.9355702270209583, -0.8108330242753127, -1.0252786430569851, -0.8671939310040332, -0.9823130032546135, -0.6490858192848397, -1.0024095552394432]}, "metrics": {"roc_auc": 0.9935111111111111, "fpr": [0.0, 0.0, 0.0, 0.9733333333333334, 0.9733333333333334, 1.0], "tpr": [0.0, 0.006666666666666667, 0.9933333333333333, 0.9933333333333333, 1.0, 1.0]}, "loss": 0.0032938616582682823, "PR_AUC": 0.9967061383417317, "Time": 1267.4488809108734}