{"name": "PPL_Fast_threshold", "info": {"n_samples": 150}, "predictions": {"real": [1.0853088247414955, 1.1689859880157174, 0.8259741287052096, 0.7741049947039423, 0.21507652132951974, -0.440460616022846, 0.4971945823632476, -0.9383207487874043, -0.14663321494513745, -1.2363175323129953, 1.9247829342890985, 0.052761389705819235, -5.201419779128022, 2.3548593692566206, -1.395230803432155, -2.2897438062153945, -2.398370444636743, -1.5334097150811428, 3.773993846995408, 1.285220788322597, -2.4214150979839535, 0.3264427979745386, 1.5118054446147409, 1.4869972667074356, 0.635944541550316, -0.3395851571949109, 1.2868551227489777, -0.8936712005576474, -0.6142953680131884, 2.2202611062309283, -1.5207948421696174, 0.8926914659625756, -1.3217537258569363, 1.0076320777618706, 0.9023097054495721, -0.5208073319292211, 0.0009938036390498282, -0.28971981692000726, -1.2490227355590182, -2.215966300330813, -3.3529654116607017, -1.9663859078159984, -0.28561068085057106, -1.4178007747491774, 0.2777252791025602, -2.148756063372214, -0.7138680475586494, -0.7376771366763832, -0.9388775772973895, 0.059862419688752354, 0.9526116884257411, -1.9850560457976307, -0.6952061118237203, -0.4716911601567037, -1.8655313067656507, -2.252681016717108, 0.16065156259327962, -0.09514944675258491, 0.052475716059333904, 1.7316808496179121, 1.1124380268470793, -4.455368138862962, -1.7340966587340059, 0.13272868901188978, -0.1213788100966987, -1.2884426901896766, -0.11073448848179086, -3.4019838187872216, -1.6688668293115108, 0.3001837105152447, -0.3804201136006681, 0.11239046165840294, 1.258561056085486, 1.1395782266357666, -1.4248145388478497, 0.9592435910136168, 2.5783748249435368, -1.7046554018299063, 1.244576792987776, 1.4122163202877585, -5.244768674671693, -0.7560224289389437, -0.415038162020573, -1.1311996623152576, 0.8676567703712242, -2.1693575169381907, -1.0779698679600143, -0.367185398593751, -0.5943472740506991, -3.6633015138332246, -0.1024830686333386, -1.8418126429850714, -3.529262317871868, -2.453626220422546, -1.8352246145437479, 0.34492584578080476, -1.501993374409945, 0.35516599151872597, -0.5007812055544016, -1.8960135866126926, -1.694397482320309, 0.8036813568015462, -0.04073727965234211, -2.4589412839364724, -1.867054798383587, -0.7274116658459607, 2.938104788548498, -1.4620942728999278, -3.62427497227953, -0.6544900565471372, -3.6594120891018083, -0.3671851856625934, -6.203841862125985, -2.291765856814211, -0.491831655369361, -0.7422273809152429, -0.8263168888549131, 1.6388329446259569, 0.3979773640717556, -0.7775569726542539, -2.094007500479437, 1.3622895267892212, -1.1866518363015046, 1.5102026215435123, -1.2792115384934408, 2.2805180862137076, -1.8434998630956656, -3.93807800285364, 0.07458803025169602, -1.9480105421728686, 0.684028449680181, 1.8405930138118225, 1.3423458482359922, 1.4895055899632808, -2.2320469947999135, -0.8313301261369771, -0.8956279544770765, 1.744599139459556, -0.8404464313359598, -1.5763970050388234, 0.32765792648317804, 1.0556323720248517, -2.230746325802518, -1.5471888991676517, -1.7394433841217745, 1.3570406948797598, 0.2134613115592891, 2.007308726295042, 0.39132050936887564, -2.027371952379532], "samples": [3.7509565351840437, 5.141926840249336, 7.75351077015308, 2.251562079075291, 5.728274750715018, 5.306083583928088, 7.336189624104023, 8.431131859253792, 6.8759163106166685, 8.008036934562913, 3.7618520544491005, 8.614724820078735, 6.714332634556063, 5.294989666923397, 8.044709859840918, 5.542765973513737, 7.5364579053053555, 6.845952217480606, 9.520956295656422, 12.037311779525785, 7.432793506693962, 10.167974490296734, 6.331523110823697, 7.90670057627114, 9.638515177282143, 11.99103260393036, 10.810759324982065, 8.280233748490513, 9.03558178865373, 9.34682399929354, 6.99977875665368, 8.338869553280968, 8.456717519265533, 8.08153489101513, 6.089017184204006, 6.491899258068606, 11.725313852385224, 7.933670008214628, 7.011503493519432, 5.622888236209711, 4.746172324795407, 7.031335438511813, 7.612442920624723, 7.394269466902984, 3.8370752197184, 10.801191201122352, 4.0174731498615746, 9.395831655002791, 7.267864736275666, 9.489774026956637, 8.057501270079463, 7.056271909626852, 9.892860436005472, -0.17671788863327717, 4.269830600132865, 10.036075826896434, 3.2407997291348014, 8.551202669828257, 8.077960276893036, 4.931651590457475, 6.316644242773298, 10.767197908368034, 10.335728245070307, 7.109820502970374, 4.434181511558983, 10.024656627942447, 6.063758468279903, 7.31183609214821, 9.464244885525584, 5.19558633784885, 4.959086076424852, 7.86438312771516, 7.249080150534402, 9.907516343343366, 8.001849309160832, 9.67597749942374, 11.071600936000264, 4.888806985039013, 11.678457201994439, 7.874830272005747, 3.48824658651785, 9.149333723739382, 5.298380894572531, 7.450289702230867, 9.322274848791574, 6.675408607407839, 11.803950975670896, 8.217154983341636, 6.107129911425971, 7.369176683808118, 6.681824193289084, 10.39958271445032, 10.375735839159173, 8.118108126474665, 11.025414504911224, 5.117216022649223, 8.925680630650158, 7.939487508954487, 8.094088592014147, 10.926113652283867, 7.7676392723528185, 5.882807818238687, 10.109633859823482, 6.745849394074102, 3.247158933289848, 6.200678158816307, 9.921689007669942, 6.980502638627548, 5.519166488100585, 6.921161321136368, 6.047406621850338, 7.296023134354217, 11.494213722503481, 5.009904803411381, 6.453605524565269, 7.901575766054207, 5.08636157004968, 7.773006811546499, 2.4478385882634135, 8.845270690531901, 5.658448168942979, 8.065020432706763, 8.908012300798589, 4.27131766903404, 10.1731722349329, 5.443418955129415, 8.34407777365405, 7.9123869211372915, 3.3379677979855016, 9.185444014812713, 4.095609142206204, 8.363324386142336, 9.703607121525435, 10.257476769225507, 6.7873268312341875, 6.293484146459003, 7.79166651312053, 7.175643111775872, 9.111691323972954, 4.806124986646887, 9.423297013879331, 5.271081119523731, 7.829200590174393, 8.856614077789477, 11.628413598286526, 8.61112111306101, 5.4754871324931145, 7.019735007260767, 10.695476535792048, 2.779776036850976]}, "metrics": {"roc_auc": 0.9964, "fpr": [0.0, 0.0, 0.0, 0.006666666666666667, 0.006666666666666667, 0.013333333333333334, 0.013333333333333334, 0.02, 0.02, 0.03333333333333333, 0.03333333333333333, 0.43333333333333335, 0.43333333333333335, 1.0], "tpr": [0.0, 0.006666666666666667, 0.9333333333333333, 0.9333333333333333, 0.9733333333333334, 0.9733333333333334, 0.98, 0.98, 0.9866666666666667, 0.9866666666666667, 0.9933333333333333, 0.9933333333333333, 1.0, 1.0]}, "loss": 0.0027378703844289642, "PR_AUC": 0.997262129615571, "Time": 1252.7980058193207}