{"name": "PPL_lrr_threshold", "info": {"n_samples": 150}, "predictions": {"real": [2.928559922579334, 3.226139674059433, 2.909381780059558, 2.9734064717339255, 2.914684957184706, 2.9359925293450178, 3.1654740299737014, 3.114719275922893, 3.1394132083705384, 2.9697450838044506, 3.308400630030585, 3.115853792495484, 2.9559292458490223, 3.0700137100161435, 2.809299207972734, 2.9239697185252624, 2.9828319246982367, 3.0059898394957325, 3.046207591640051, 3.081005947074946, 2.9064075954239987, 3.1915593795097217, 2.925903239593384, 3.054137401950293, 3.037039832142411, 2.8245460024117905, 3.182565875981569, 2.9698447868755906, 3.1170809630222758, 3.2743550410635494, 2.8514219434004353, 3.467276284581915, 2.99222701005441, 3.4618107983663733, 3.151197255958391, 3.193594880811569, 3.103238226116513, 2.9812763786051337, 2.748811732548935, 3.110079336669195, 2.90472822431523, 2.903425408404604, 3.196606050518292, 3.0952101415751567, 3.1038543246842374, 2.925889420251236, 3.068865212104267, 2.99271744252324, 3.1676830542289443, 3.0418967005575093, 3.371508034422587, 3.070922940778786, 2.830410088427218, 2.9285445788683626, 3.073899652887044, 2.8300948531159387, 3.051619099641305, 2.9503636656099355, 3.1811311554981803, 3.024680120134511, 3.2024837706997213, 3.175987912623386, 3.3493476757741925, 3.307202523343842, 3.145769734969569, 3.055450254672136, 3.1459040527813222, 3.176646635603809, 2.8139887820459237, 3.17076082118384, 3.021694453169306, 3.038930816247766, 3.122746313001172, 3.1585378450059265, 2.9904293375640276, 3.1007919556503483, 3.1601553340558746, 3.167832139603282, 2.9921119894362, 3.235944174620024, 3.0933670064504066, 2.8797611586408176, 3.0312837497226917, 3.0039324973282415, 3.2303636035822967, 2.7817553819053065, 2.843708598380214, 2.9060954072184004, 3.01031172807767, 2.997675473962881, 3.1378092319216693, 3.078837411107536, 2.9190232725946226, 2.819209549494261, 3.167663779636069, 2.986185239263458, 3.1521462762715724, 2.8628269179930665, 2.9945366314715303, 3.2755415554877736, 3.173872921104733, 3.2113449067490456, 3.2474739986000283, 3.097200534943474, 3.071527836751627, 3.128604977160479, 3.197750060074458, 3.2295080758975456, 3.0089664918153907, 3.1693219477386134, 3.1114185075361815, 3.1113484322017424, 2.7994845376639907, 3.0947805525433036, 3.0817205912799, 2.9654162910311577, 3.2676889168385213, 3.2152860124380456, 3.132432474701704, 3.1326723496506728, 3.07406998185769, 3.2304944295323526, 3.170609368293991, 3.024820877600085, 2.962331280636583, 3.4653984847000348, 3.0439043830200827, 2.907337076039706, 3.219589500746609, 3.197171381119363, 3.1283366814216222, 3.0525652254512536, 3.079712706399752, 3.0421350053326526, 3.1108278975403953, 3.0545635251853587, 3.3134181634861717, 3.3846603720120005, 3.0378463813874648, 3.2293129650736625, 3.2171940878248106, 3.0079568494142257, 3.0784004902835616, 3.009087747300959, 3.3736716058449736, 3.0439175639795777, 3.1769194763066047, 3.335110199474965, 2.8925597757788313, 3.22396840962626], "samples": [3.004220201531589, 4.276909027908893, 4.033216751208744, 3.835898515882161, 3.7314408808214474, 3.7441170494935783, 3.3327905568593374, 4.149146043763571, 3.2359006284646084, 2.9983740914335075, 4.080787696962885, 3.220583526046698, 3.919696278857123, 4.495467531731953, 4.073375512819598, 3.3823153421940244, 3.261529148949984, 2.974847535926739, 4.534794322898056, 3.3404206840560557, 4.427610583824624, 3.210523439417985, 4.214897829668915, 3.587047343225483, 3.291595289171587, 3.2943469239273258, 3.665503250175973, 4.085602284410365, 4.018473158048097, 4.50103715648426, 3.209617046978906, 3.09063820494308, 4.618886075258301, 4.879537219499622, 4.470172064906254, 5.067670887881647, 4.245574487691414, 4.201074839367826, 2.961232478101343, 4.355872085404682, 4.232523134729101, 4.218260170278484, 3.585579544581948, 3.078478070335729, 4.417568417148845, 4.569901139129711, 2.871511550728733, 4.426995498711529, 3.292539386744686, 4.208743813974101, 3.319153809423969, 3.2022802601450917, 5.140208734529887, 2.8859310427538607, 3.2973685296718953, 4.303914468686334, 5.590521361361364, 4.127489306093421, 4.314569476925481, 4.03417572215826, 2.9792529240187116, 3.0212677324761477, 3.9155510777869393, 3.1148055789944293, 3.1816899930259304, 3.514536241207018, 4.296909062355905, 3.1705653031437624, 3.2536280949392853, 4.689077298258751, 3.79678095892633, 4.091707110337496, 4.071227273855549, 4.808663495561831, 4.378738473220263, 3.679879469839986, 4.284285461216151, 3.321352063401483, 3.0631148674985154, 3.8180689415240945, 2.966763775229841, 3.0674694975216115, 4.522002165496475, 4.466251523854765, 3.0844001614850414, 4.695861288236994, 2.935585121758735, 3.8637696134884436, 4.383456066588066, 4.151994077012287, 4.26896771661306, 4.275272191960094, 3.3934397250051456, 3.7768085398745628, 4.553323318211913, 3.967263893896868, 4.52769441482193, 4.3287473854356096, 3.567483265055801, 4.590329003072409, 5.2937451800490045, 4.322691915006431, 4.644012380661727, 4.141341553519195, 5.0445252885137455, 4.352707634044403, 3.2151274516131108, 4.1996423727436305, 3.04405240597481, 4.61798004912529, 3.668237395040853, 3.8975713489889197, 4.496839712034114, 3.1318019634042757, 4.4117752450222705, 4.228166199400477, 3.551286573731642, 4.942485367343233, 3.2963605022570075, 4.139744411804106, 4.020671210698856, 4.354060563945591, 4.43420821787363, 3.3929282687643374, 3.2164610975443013, 6.364512480773354, 3.6635957747491634, 4.553417476994935, 4.3452189906915555, 3.05844428349273, 3.1294858888524333, 3.3937383833746955, 3.176730653614829, 3.0866738851944904, 3.090139945336061, 4.035863114735904, 3.999538861450137, 4.274835766696731, 4.157702164815341, 4.214366643709979, 3.8385616454308082, 3.865982902012186, 3.982918878876588, 4.393142029670534, 3.3369389107512233, 3.1314195915301855, 2.8950149555884135, 3.757052382465262, 4.546357096262779, 3.0594530609406774]}, "metrics": {"roc_auc": 0.8786222222222222, "fpr": [0.0, 0.0, 0.0, 0.02, 0.02, 0.02666666666666667, 0.02666666666666667, 0.04666666666666667, 0.04666666666666667, 0.05333333333333334, 0.05333333333333334, 0.07333333333333333, 0.07333333333333333, 0.09333333333333334, 0.09333333333333334, 0.10666666666666667, 0.10666666666666667, 0.14666666666666667, 0.14666666666666667, 0.16, 0.16, 0.16666666666666666, 0.16666666666666666, 0.17333333333333334, 0.17333333333333334, 0.18, 0.18, 0.22, 0.22, 0.23333333333333334, 0.23333333333333334, 0.26666666666666666, 0.26666666666666666, 0.36666666666666664, 0.36666666666666664, 0.4, 0.4, 0.48, 0.48, 0.5066666666666667, 0.5066666666666667, 0.5533333333333333, 0.5533333333333333, 0.5933333333333334, 0.5933333333333334, 0.6666666666666666, 0.6666666666666666, 0.7, 0.7, 0.7066666666666667, 0.7066666666666667, 0.7666666666666667, 0.7666666666666667, 0.7866666666666666, 0.7866666666666666, 0.8, 0.8, 0.82, 0.82, 0.9066666666666666, 0.9066666666666666, 0.9133333333333333, 0.9133333333333333, 0.92, 0.92, 1.0], "tpr": [0.0, 0.006666666666666667, 0.66, 0.66, 0.68, 0.68, 0.6866666666666666, 0.6866666666666666, 0.7, 0.7, 0.72, 0.72, 0.7533333333333333, 0.7533333333333333, 0.7666666666666667, 0.7666666666666667, 0.7733333333333333, 0.7733333333333333, 0.78, 0.78, 0.7866666666666666, 0.7866666666666666, 0.7933333333333333, 0.7933333333333333, 0.8066666666666666, 0.8066666666666666, 0.8133333333333334, 0.8133333333333334, 0.82, 0.82, 0.8266666666666667, 0.8266666666666667, 0.8333333333333334, 0.8333333333333334, 0.8533333333333334, 0.8533333333333334, 0.86, 0.86, 0.8866666666666667, 0.8866666666666667, 0.8933333333333333, 0.8933333333333333, 0.92, 0.92, 0.9266666666666666, 0.9266666666666666, 0.9333333333333333, 0.9333333333333333, 0.94, 0.94, 0.9466666666666667, 0.9466666666666667, 0.96, 0.96, 0.9666666666666667, 0.9666666666666667, 0.9733333333333334, 0.9733333333333334, 0.98, 0.98, 0.9866666666666667, 0.9866666666666667, 0.9933333333333333, 0.9933333333333333, 1.0, 1.0]}, "loss": 0.0856601565685926, "PR_AUC": 0.9143398434314074,