{"name": "PPL_likelihood_threshold", "info": {"n_samples": 143}, "predictions": {"real": [-1.935099150871345, -1.7079139866017987, -1.9629774581533164, -1.9471582610844622, -1.9660105345568588, -1.7911233795972727, -1.6979435491676813, -1.8260610640619246, -1.9917205458337879, -2.1716108594701664, -1.7026766187331706, -2.004306063905615, -2.1562391199597584, -1.9504333565282557, -2.2200990558288827, -2.2295217843719892, -1.9910914757339642, -2.1404304963968324, -1.7719022520551608, -1.7857284825537898, -2.409527729336697, -2.028264462298294, -1.906119929805452, -1.6787481994433582, -1.8211060893175006, -2.0502770172526583, -1.8710628790454358, -2.219054313061314, -2.195760587260758, -1.5463560901987008, -2.274006239510709, -1.8358439782199185, -1.6955714029193092, -1.9798645956902103, -1.8983445866778992, -2.1210685306867822, -2.39307091130981, -2.118023171535226, -2.205233650769904, -2.272961010492293, -1.9624437874423513, -1.9962448444875702, -1.8292241545400096, -2.2791780304287976, -2.0934399688035303, -1.949381867143074, -1.8123321809532404, -1.553377363802335, -2.20477067786634, -2.0810724746877862, -2.628445541595538, -2.18001561906488, -2.3574436120673568, -1.8139251596188957, -2.1151404685197495, -1.9609863511542338, -2.0999044474089157, -1.7366248979688628, -2.1714738085562826, -2.1231581889435933, -2.1495819212310514, -2.0558526330019538, -2.0682786705576435, -2.0157840133429104, -2.3376303208274045, -1.9080915195465038, -2.1921301218036877, -1.8820477584982553, -2.0999018163428516, -1.9505023464702116, -1.9617471719654453, -1.7968808447053957, -1.942475215829131, -1.6826061678265996, -2.5274705905573556, -2.1330805033105253, -2.228639028977231, -2.177506548101135, -2.223402955747005, -2.0934213216563404, -1.7502837479960769, -1.715613766717569, -2.0443842296882218, -1.9970022928241198, -2.171534117844515, -2.373241380054744, -2.3096418177146836, -2.1283760237050564, -1.8616281201754812, -1.9427500486592901, -2.238407090431272, -2.253481963416799, -2.1234694414108812, -1.9637280968518855, -1.724344738458763, -1.7117884960816911, -2.256506316271976, -2.014698433042329, -1.9732107648897066, -1.4635104389106521, -2.185788761216933, -2.250143766809447, -1.9139288470582796, -2.5696301472711793, -2.0447112822232376, -2.513651618136165, -1.9007807157859864, -1.9401063542270633, -2.110109724945924, -1.9239169024952654, -1.77147624964861, -1.8761680186086467, -1.9779885769432801, -2.318058101961647, -1.6482458047741526, -2.072988872075012, -1.6930843258952752, -2.303575061437536, -1.5118133991069032, -1.9450383648283138, -2.1423389297578734, -1.7797970017534224, -2.310400125689764, -1.9077887398497475, -2.0254575393695036, -1.7978144193929986, -1.7665818467051653, -1.7928898135003728, -2.241325510756362, -1.9743108562603966, -1.5213732714384536, -1.9952145696857833, -1.8914348620550445, -1.7267209892769702, -1.8743761134511998, -2.2084183154153654, -2.047978495475855, -1.8509612406417244, -1.83333051893548, -1.7340422631343237, -1.7652040061333, -1.9717487689768889, -1.795864121706722], "samples": [-1.4896987666426307, -1.5591546851336118, -1.6959511606890936, -1.1360933428687006, -1.160463059824832, -1.668382737491925, -1.7663887293055123, -1.0850653147980363, -1.143595398985192, -1.3075814091478708, -0.8071792546996918, -1.5181168119869424, -1.3611801396548386, -1.420976172743103, -1.3079454143464906, -1.607510629333652, -0.8500091779847283, -1.5689978156407625, -1.5160992528247004, -1.3946001350082167, -1.2255398067948375, -1.4334952591396268, -2.0755398116821513, -1.310559109917437, -1.2536930767300551, -1.656338505586176, -1.4175346712614565, -1.388946729043546, -0.5960317316593837, -1.4235534567424017, -1.6822832455783554, -1.1749760183584168, -0.5789727544948494, -1.1946626392586386, -1.5232171121552915, -1.1386621837482178, -0.9021655920493084, -1.0080912022193196, -1.6417678028257336, -1.367255250327223, -1.0266081118791903, -0.7845308741178934, -1.5497526259733139, -1.4835237713112082, -1.2570166964664713, -1.2546772804543054, -1.6580410856951535, -1.3865361067552624, -1.2489677632960583, -0.6587358257551577, -1.489381384559478, -1.3219110279422401, -1.4869340313803268, -1.6324684726885952, -1.135268609300335, -1.2887072305976357, -1.7607165790282882, -1.4778527805408153, -1.7433660157711641, -1.5716337505998865, -1.6182037985777504, -1.1574175554002888, -1.132212053030389, -1.147671971838312, -1.5228395776868306, -1.3889061785740067, -1.5877863506951544, -1.454043503666366, -1.4585060204268607, -0.7853876053048044, -1.3948304090222334, -1.5809490011452816, -1.5830674128201039, -0.9739078308107075, -1.8005497111558522, -1.591790107588061, -0.9365178502147953, -1.5482854315090144, -0.6630255130746664, -1.6453752668123636, -1.209340497762932, -1.4918609870047363, -1.430949154203925, -1.2785782923910254, -1.4234350840230265, -1.8211556723176732, -1.3509356957413012, -1.5013408677238234, -1.4787907630629058, -1.2378471880859798, -1.8708542751629234, -1.3952586801570686, -1.5877585200168305, -0.9197868114762042, -1.4043859234417093, -1.0521892086544422, -1.0382040120711318, -1.167057804778812, -1.824078694363317, -1.1978045010177911, -1.4259460517224183, -1.606630067079128, -1.8037335848505882, -1.235440847138405, -1.4334898085593801, -1.4380260288827786, -1.041278252964539, -1.002601837040538, -1.5423015860956193, -1.3466047279506899, -1.3522314476534179, -1.027488688899765, -1.5237987350493831, -1.4309927559919446, -1.0849043391065065, -1.1072829446228583, -1.5601641062849392, -1.2865511608410027, -0.7661719651915533, -1.1486139994714568, -1.4333130311287632, -1.175090115546961, -1.6841577950527398, -1.4519556444068638, -1.1309139529195482, -1.4877576369429224, -1.052591143315506, -0.9807339339473808, -1.7008909644753365, -1.0967355401871897, -1.2487686184775382, -1.5884667951636053, -1.2883409719947472, -0.9703070758668693, -1.5396077042624434, -1.6514286222781662, -1.4605387106470404, -1.500606934250776, -0.8471723076970823, -0.9104549174570474, -1.4027267435829949, -1.0628790219585726, -1.09426928300543]}, "metrics": {"roc_auc": 0.9757445351850946, "fpr": [0.0, 0.0, 0.0, 0.006993006993006993, 0.006993006993006993, 0.013986013986013986, 0.013986013986013986, 0.02097902097902098, 0.02097902097902098, 0.027972027972027972, 0.027972027972027972, 0.03496503496503497, 0.03496503496503497, 0.04195804195804196, 0.04195804195804196, 0.04895104895104895, 0.04895104895104895, 0.055944055944055944, 0.055944055944055944, 0.06993006993006994, 0.06993006993006994, 0.07692307692307693, 0.07692307692307693, 0.13286713286713286, 0.13286713286713286, 0.13986013986013987, 0.13986013986013987, 0.14685314685314685, 0.14685314685314685, 0.21678321678321677, 0.21678321678321677, 0.23776223776223776, 0.23776223776223776, 0.27972027972027974, 0.27972027972027974, 0.6223776223776224, 0.6223776223776224, 1.0], "tpr": [0.0, 0.006993006993006993, 0.6363636363636364, 0.6363636363636364, 0.7062937062937062, 0.7062937062937062, 0.7202797202797203, 0.7202797202797203, 0.7552447552447552, 0.7552447552447552, 0.7692307692307693, 0.7692307692307693, 0.8811188811188811, 0.8811188811188811, 0.9090909090909091, 0.9090909090909091, 0.916083916083916, 0.916083916083916, 0.9230769230769231, 0.9230769230769231, 0.9300699300699301, 0.9300699300699301, 0.9370629370629371, 0.9370629370629371, 0.9440559440559441, 0.9440559440559441, 0.951048951048951, 0.951048951048951, 0.958041958041958, 0.958041958041958, 0.972027972027972, 0.972027972027972, 0.986013986013986, 0.986013986013986, 0.993006993006993, 0.993006993006993, 1.0, 1.0]}, "loss": 0.022265660469523163, "PR_AUC": 0.9777343395304768, "Time": 1137.063970565796}