{"name": "PPL_Fast_threshold", "info": {"n_samples": 150}, "predictions": {"real": [1.0639347598790758, 1.1699386141597499, 0.6074070866086737, 0.10196677044307394, -0.19390965791229844, -0.8735902662262065, 1.3085543835393627, -0.633567930849497, -0.19810098076652136, -1.6102974933018377, 1.8542940228881972, 0.14388675547733856, -4.861924964284599, 0.7387354394973503, -1.469985134051526, -2.6241249736314023, -1.1799138403626985, -1.449831573774681, 3.5374546434001886, 1.2287940052934592, -2.418649630968173, -0.05319552425025614, 0.7462360848940804, 1.5486576855891234, 1.2905896082844492, -0.7754619370323118, 0.9132934377993691, -1.328398279639633, -0.470481738161896, 2.0639938928871895, -1.1224472014629705, 0.7329966823724458, -0.874246265867676, 1.487912109888256, 0.6758505560426006, -0.38078023853712606, -0.31382842723483606, -0.5494555891611207, -1.256639683136689, -2.3661639956445066, -3.398336975710451, -1.8945423065679563, -0.251642868624366, -1.115327826842781, 0.5082327446637814, -1.8170150182186109, -0.9194684973808134, -0.3086427813288491, -0.6163309022292851, 1.0030983367635193, 1.095709387635054, -2.2233863465739416, -0.5289200695088269, -0.049823748640975184, -1.7246719402666648, -2.249344637284203, -0.4210474849233002, -0.21835278737662306, -0.2128917705918614, 1.3207850540818413, 0.9576146412516696, -3.525451706795102, -1.3276193040177933, 0.15748069141471824, -0.36154658677334045, -1.270843522902585, -0.7526596218549081, -3.3958706246871118, -1.5768683017365555, 0.07172757333683956, -1.6626955675652895, -0.0465294743929876, 1.250034788982203, 1.3005782260542587, -0.767263442407316, 0.47680498115239, 2.5437032346738397, -1.7956573391937731, 1.8502901307561448, 1.0083680945375895, -3.1312761800658433, -0.9210691431597732, -0.17348011058805268, -1.1677625359873463, 1.4009693190728811, -2.4168928929029323, -1.1668722285501867, -0.4561304798012737, -0.8633117188362105, -4.037560990177038, -0.11874645868252033, -1.7585332511163574, -3.081483302226868, -2.6423791064815982, -1.264184371765223, -0.063812359427029, -1.80942802641229, -0.10011728670152557, -0.5704462713125598, -2.400775286487898, -1.5078672875190338, 1.3249185803389996, 0.18435004277308728, -2.8924892113197833, -1.1553815177042366, -0.9893570444637296, 2.856151046690547, -1.7589163146863267, -4.389004107224351, -0.5959519699593647, -3.5901399635883906, 0.016933125497450192, -5.81486358375783, -1.6021363064172014, -0.5650594562720144, -0.9612829358176338, -0.854639670409069, 1.966599890794568, 0.48877164586594096, -0.7534972175015312, -2.2700906547373414, 1.5964684883319515, -2.0871244776098785, 1.1484518016764447, -1.447878841965725, 2.6843190211423935, -2.048773548587136, -3.569439481238729, 0.22514821251687775, -1.8515710934132246, 0.388319640889138, 1.8099097035553826, 1.2722324130795786, 1.0433431117087413, -1.6249471802406372, -0.8030875286801185, -0.7915870641471818, 1.7335246965008362, -1.0272434218237576, -0.7379952350012854, 0.14588500701397197, 1.236252422280501, -2.324322513061618, -1.550410545973747, -1.8478107696123516, 0.753400249908957, 0.4251543374417251, 1.5873597543278877, 0.43446417275704585, -1.891931606460795], "samples": [1.7779778619568334, -0.29913752003482386, 4.112217850211749, 3.172126397906484, 1.9905209392966594, 2.9034751048254175, 3.9462345439963964, 6.175909808475799, 3.529691117880705, 1.8153442718311912, 1.4616082131421377, 1.4323957420972204, 2.4002075079574796, 4.088294761853774, 3.338209550791814, 0.9163480822156876, 2.4433398641784247, 2.7330290314278494, 7.154615831376836, 1.702034716907789, 6.05663487016857, 2.1596865036614488, 2.7972390743147693, 5.755763218691683, 2.9861000420243102, 4.423918644229411, 5.061394047143274, 3.7120111102301996, 2.2154645109445883, 6.17748767091137, 1.4230358085095525, 1.8530946693454808, 2.648337325409398, 4.75558770451733, 7.674101976796759, 6.238762151584622, 0.5155761194352338, 5.5235961679549535, 0.8847315265323665, 6.503185585257048, 4.425741612477969, 1.9593668770789894, 2.3776269266402554, 1.3663850020674546, 3.452570435938178, 7.339187585350392, 4.022991509487762, 4.617094296570224, 3.3374864899008463, 4.242062813433767, 4.055363326494178, 4.917515397451627, 5.544733225004853, 0.6060026311960471, 3.319191018489234, 7.122159022434735, 1.7741157545841364, 4.056706094607035, 5.417008217094009, 3.6326625432873283, 4.1488150174636305, 3.56599200942002, 4.109345679553742, 3.3892003943910702, 4.613858514307607, 1.077205380511688, 4.190785339687654, 0.8649226743873492, 3.512089533991495, 5.403146152309588, 4.187859595598889, 2.2767931138786053, 3.1955892831626933, 6.19129699901784, 2.9589257394785524, 4.556287790918583, 7.3253149947592435, 3.6822955925008745, 2.926672302739811, 4.1239039138469735, 1.1175162956613611, 4.8354820022215605, 3.166439103676954, 1.709907267347849, 2.208555929335379, 3.955804652117182, 1.4923253045090712, 3.9531798525118234, 5.196050870771472, 1.5787706331948932, 6.300982691481277, 4.325469153849923, 2.1021230247501883, 5.075295532212371, 3.1397161831171636, 3.0233469046688013, 3.7393249283546197, 7.5911946196173945, 4.987727940387769, 6.203295083133849, 6.414838089575958, 5.742245932640361, 5.15847806064304, 4.816999487547688, 7.608798640181324, 4.382032843105116, 3.5742043754605177, 1.6018195776807242, 1.165127434532284, 3.7705161797486633, 4.281924855991418, 4.320654741311324, 7.042453126439654, 0.8629968493928355, 2.150815676784411, 2.98977128336635, 1.2504221930365025, 2.8739542549192274, 0.9047764893799879, 3.2666964568804144, 3.461407128587552, 3.2873714416067603, 5.958091192537862, 4.818397614551925, 3.8613095226546936, 4.599547853606686, 3.976665118507554, 6.27164031548425, 4.062434500221325, 1.0264347735683803, 2.074753233282382, 5.098395111047802, 3.1257450176572554, 2.1516618298783, 3.813591864944023, 4.816992026661056, 4.160990453743857, 3.496170435761802, 2.8317449508560557, 0.7394536914174703, 2.1570404062067556, 3.7977576478881754, 7.498054866262048, 3.0368513077063772, 1.543004980311198, 4.154030032821887, 0.11898250403181619, 3.7194643886085514, 4.606572837029237, 2.1335740348289987]}, "metrics": {"roc_auc": 0.9656, "fpr": [0.0, 0.0, 0.0, 0.006666666666666667, 0.006666666666666667, 0.013333333333333334, 0.013333333333333334, 0.02, 0.02, 0.02666666666666667, 0.02666666666666667, 0.03333333333333333, 0.03333333333333333, 0.04, 0.04, 0.04666666666666667, 0.04666666666666667, 0.05333333333333334, 0.05333333333333334, 0.06, 0.06, 0.06666666666666667, 0.06666666666666667, 0.08, 0.08, 0.08666666666666667, 0.08666666666666667, 0.09333333333333334, 0.09333333333333334, 0.1, 0.1, 0.14, 0.14, 0.16666666666666666, 0.16666666666666666, 0.17333333333333334, 0.17333333333333334, 0.18, 0.18, 0.19333333333333333, 0.19333333333333333, 0.21333333333333335, 0.21333333333333335, 0.22, 0.22, 0.23333333333333334, 0.23333333333333334, 0.26, 0.26, 0.3333333333333333, 0.3333333333333333, 0.43333333333333335, 0.43333333333333335, 1.0], "tpr": [0.0, 0.006666666666666667, 0.52, 0.52, 0.68, 0.68, 0.7, 0.7, 0.7066666666666667, 0.7066666666666667, 0.7933333333333333, 0.7933333333333333, 0.8, 0.8, 0.8066666666666666, 0.8066666666666666, 0.8133333333333334, 0.8133333333333334, 0.82, 0.82, 0.8333333333333334, 0.8333333333333334, 0.8533333333333334, 0.8533333333333334, 0.86, 0.86, 0.8733333333333333, 0.8733333333333333, 0.8933333333333333, 0.8933333333333333, 0.9, 0.9, 0.9066666666666666, 0.9066666666666666, 0.9133333333333333, 0.9133333333333333, 0.92, 0.92, 0.9266666666666666, 0.9266666666666666, 0.9333333333333333, 0.9333333333333333, 0.94, 0.94, 0.9666666666666667, 0.9666666666666667, 0.9733333333333334, 0.9733333333333334, 0.9866666666666667, 0.9866666666666667, 0.9933333333333333, 0.9933333333333333, 1.0, 1.0]}, "loss": 0.03264272166541349, "PR_AUC": 0.9673572783345865, "Time": 1248.0471770763397}