{"name": "PPL_logrank_threshold", "info": {"n_samples": 143}, "predictions": {"real": [-1.0148941410198595, -0.837442596040664, -1.0136097821108792, -1.0144968535891934, -1.0227544677398017, -0.9284869754406451, -0.8774404796513767, -0.9193520743460564, -1.1002732557557302, -1.1776569574784417, -0.8525126327489125, -1.0443727722498042, -1.1909956394979608, -0.9973008650182592, -1.2505456304057998, -1.1846735427169879, -1.010555362407175, -1.1334185012759792, -0.9078699126120631, -0.9326863013661848, -1.3477989834903708, -1.0589945962450449, -1.0186495710899561, -0.8751160050671103, -0.9291073163831919, -1.1199378502080948, -0.9492407407167888, -1.2037029760881572, -1.1749128514024634, -0.7526311673079218, -1.2577814198428579, -0.9790995374547838, -0.8479878974493466, -1.0444538372406595, -0.9898956398086828, -1.1224667170568474, -1.3548720641353895, -1.1340264191747582, -1.2361172445844493, -1.216902877768009, -0.9963794884559027, -1.0981515432309792, -0.9427984876848866, -1.2833180156945456, -1.07808723690773, -1.0133596090796257, -0.9214293052866394, -0.7581269190338776, -1.22730458697777, -1.0954044419263007, -1.611133502278865, -1.185148851021114, -1.3822145223141942, -0.9419119491216837, -1.1534175134624494, -0.9845465819320374, -1.0963659002354522, -0.8905649993103085, -1.1981752757926885, -1.141395293349104, -1.2044986090701615, -1.070951179190108, -1.109144304335824, -1.0624108833972725, -1.3143926817281475, -0.9636935852017999, -1.1764187047315666, -0.9702804197313335, -1.1227979408636481, -0.9980547100556989, -1.0842629645582664, -0.9038982006992359, -0.988204817668773, -0.8529328853280888, -1.446716423353142, -1.140336103815518, -1.2308213411967766, -1.1543945730555087, -1.2100278567500384, -1.1017449801583337, -0.9055272011882627, -0.8253425558983948, -1.1513301321832607, -1.0478891198843931, -1.1886906786341154, -1.3055475308397404, -1.239963096955457, -1.1233402534086356, -0.9523363238346987, -1.0284109426182595, -1.2283906690760609, -1.2033789461027224, -1.10617122752588, -0.9950296757565387, -0.8666910359137066, -0.83021361346432, -1.1707836768543014, -1.037473166269234, -1.0550860005357208, -0.6978922006181013, -1.1591876053944605, -1.2175185593237712, -0.960678027495707, -1.3619183926687346, -1.0866837400688383, -1.4157032948167838, -0.992737976519197, -0.9932440935762148, -1.0971927916722188, -1.0142645861629898, -0.8516282456912019, -0.9544032452784771, -1.0604915283176317, -1.237538434842145, -0.8106219194118383, -1.1088198014381239, -0.8582311429211777, -1.310559347198716, -0.7168327308824808, -0.9811769711406839, -1.139832749506389, -0.9099702695645335, -1.3036191031052031, -0.9466512391154253, -1.0477744219448186, -0.9065078117142272, -0.8888954391954238, -0.8977680289773717, -1.169425614516516, -1.0136774765559993, -0.7097102242335436, -1.0714570754784492, -0.952007816258306, -0.8640237718543633, -0.9641153206795666, -1.2406839174501507, -1.076661620945077, -0.950219098415074, -0.9014761699460866, -0.8515527351110737, -0.8818537249048127, -1.0388212871330351, -0.9153905314949758], "samples": [-0.7384691638956137, -0.7643892213913661, -0.8491694691910938, -0.5380819361056292, -0.5273849677436135, -0.8869547584060192, -0.933376821214337, -0.509338049158787, -0.5732305409183144, -0.6441771322268947, -0.38576292569022425, -0.7411793402155865, -0.6369670304579375, -0.6960825210313918, -0.6358040868355009, -0.7860117311317829, -0.41035893450141614, -0.7771819762132893, -0.7350444767321765, -0.7296871346752539, -0.6164226839770145, -0.717327145946377, -1.0177737302370926, -0.6637919170261273, -0.6425375696676237, -0.8196924558955477, -0.69123361952654, -0.6789314210204722, -0.21929744346831895, -0.7450921398107094, -0.844022941438861, -0.5723293026717341, -0.23838469585878552, -0.6036196244152868, -0.7166102450752146, -0.5978573228103318, -0.41563892865523566, -0.5216355304274168, -0.9037111751371963, -0.6950247081376887, -0.5244755975090168, -0.3747215657163405, -0.7379623409541304, -0.7228338307368292, -0.6139240032397393, -0.6053773169192678, -0.8465002209779343, -0.6520740949283252, -0.5756381028584326, -0.2860984998765467, -0.790412003962415, -0.6336787000636861, -0.7330345635312289, -0.8302020724805773, -0.5528932456462421, -0.6251014135230111, -0.9522119660128127, -0.7458712029104093, -0.9291453957370583, -0.7324629963664345, -0.8268785628301634, -0.5645009372454735, -0.5581151675804559, -0.546225725555775, -0.699133856831219, -0.6401861168714063, -0.8093995764381758, -0.7009576129783004, -0.7915017317555173, -0.3312776505573538, -0.6780233773392744, -0.7693113768097228, -0.7535164681559201, -0.43814638374137194, -0.9364810050923215, -0.8038941494327038, -0.43129557456041984, -0.7760908376016613, -0.29317468293469695, -0.8178751470917892, -0.5758113475582944, -0.7214486334288006, -0.69062395084187, -0.5597649562365479, -0.6829714294614185, -0.9364613835702695, -0.6527808463829163, -0.6892664622156395, -0.6954249512902411, -0.543273174318782, -1.0015987513355826, -0.7087632518443748, -0.8358528332297004, -0.4392626718992917, -0.7019381372747702, -0.5065936677458303, -0.5156964738236505, -0.5690217570195091, -0.9264565111829042, -0.5416980167712548, -0.7222425978926682, -0.7903031182869646, -0.9383336535743878, -0.5814022963494134, -0.6921703380781759, -0.6429656521495056, -0.4954047601079431, -0.46761261485093886, -0.7551867490631399, -0.6625151990602459, -0.6171338215551453, -0.5137971866194345, -0.7728808592287378, -0.6709349985904384, -0.5034429391142908, -0.527808252161175, -0.7501638042780256, -0.6481092874610217, -0.34540009366871144, -0.5545776051363274, -0.7264180091640586, -0.5407166515480852, -0.9115128774880654, -0.699286575947188, -0.49660768260387134, -0.7475945626631362, -0.49871642385513754, -0.4932231924329049, -0.894219676353607, -0.5029158338800902, -0.5378959462884062, -0.7875916049353964, -0.6519120286881449, -0.4414190240669176, -0.7641391629456147, -0.8616755266717165, -0.714860550071059, -0.7459413586629507, -0.4010703198654517, -0.4038271065576694, -0.6261961885432383, -0.49653083044704116, -0.4783922039814701]}, "metrics": {"roc_auc": 0.9669910509071348, "fpr": [0.0, 0.0, 0.0, 0.006993006993006993, 0.006993006993006993, 0.013986013986013986, 0.013986013986013986, 0.02097902097902098, 0.02097902097902098, 0.027972027972027972, 0.027972027972027972, 0.03496503496503497, 0.03496503496503497, 0.04195804195804196, 0.04195804195804196, 0.04895104895104895, 0.04895104895104895, 0.055944055944055944, 0.055944055944055944, 0.06293706293706294, 0.06293706293706294, 0.06993006993006994, 0.06993006993006994, 0.1048951048951049, 0.1048951048951049, 0.13986013986013987, 0.13986013986013987, 0.15384615384615385, 0.15384615384615385, 0.16783216783216784, 0.16783216783216784, 0.20279720279720279, 0.20279720279720279, 0.22377622377622378, 0.22377622377622378, 0.23776223776223776, 0.23776223776223776, 0.24475524475524477, 0.24475524475524477, 0.2867132867132867, 0.2867132867132867, 0.40559440559440557, 0.40559440559440557, 0.45454545454545453, 0.45454545454545453, 1.0], "tpr": [0.0, 0.006993006993006993, 0.5734265734265734, 0.5734265734265734, 0.6083916083916084, 0.6083916083916084, 0.6223776223776224, 0.6223776223776224, 0.7412587412587412, 0.7412587412587412, 0.7552447552447552, 0.7552447552447552, 0.8461538461538461, 0.8461538461538461, 0.8601398601398601, 0.8601398601398601, 0.8741258741258742, 0.8741258741258742, 0.8811188811188811, 0.8811188811188811, 0.8951048951048951, 0.8951048951048951, 0.9020979020979021, 0.9020979020979021, 0.9090909090909091, 0.9090909090909091, 0.916083916083916, 0.916083916083916, 0.9230769230769231, 0.9230769230769231, 0.9300699300699301, 0.9300699300699301, 0.9370629370629371, 0.9370629370629371, 0.9440559440559441, 0.9440559440559441, 0.951048951048951, 0.951048951048951, 0.9790209790209791, 0.9790209790209791, 0.986013986013986, 0.986013986013986, 0.993006993006993, 0.993006993006993, 1.0, 1.0]}, "loss": 0.031028620415705532, "PR_AUC": 0.9689713795842945, "Time": 1137.8920848369598}