{"name": "PPL_lrr_threshold", "info": {"n_samples": 143}, "predictions": {"real": [3.0006858089836856, 3.1500783445672025, 3.203099646045745, 2.9289515993486566, 3.0358673070302093, 3.003313793803087, 3.2141841468968417, 2.992241202800394, 3.0710346553099654, 3.00939621329592, 3.1320306345895275, 3.2114349692151776, 3.048517392756894, 3.046406112004352, 2.9455549202634503, 2.9544493141017725, 3.01716231981181, 3.015926862437894, 3.1658170381439215, 3.0901176023094523, 2.905477522185101, 3.1654989519032197, 3.008009334143934, 2.996188074706306, 3.1779529839556755, 2.9877451553577306, 3.063335265101068, 2.9116152757221343, 3.0723600251072196, 3.234629916306156, 2.869104992497198, 3.1157414706221593, 3.389236230797488, 3.235071997765906, 3.1704605875193, 3.0153777802312667, 2.8011207803601588, 2.9945140536178148, 3.007959742266978, 2.9997549356095625, 3.063153408978376, 3.128338939347052, 3.093314064937196, 2.967109610953435, 3.008714217014202, 3.2017588158344084, 3.0289472808319156, 3.4748162401406053, 3.0046520656181572, 2.9625162204174798, 2.6016382183829077, 3.126888597221795, 2.834105448825912, 3.036955760711029, 3.057644976851157, 3.2606386279600224, 3.0180438195145203, 3.199323458853141, 3.0543130688618394, 3.089524199145554, 3.0290712646250433, 2.999665075851633, 2.9441265610533662, 3.042169034262494, 2.86179219429808, 3.1992317340262746, 3.087814620030674, 3.11094363082693, 3.039444951813101, 3.173709567167495, 2.9461703862770525, 3.1912267685770304, 3.2157797629779425, 2.912125794711469, 2.765166307572243, 2.8904300611005795, 3.062997816321838, 2.8920623529685834, 2.700222328062364, 3.0873982261736144, 3.2014269512915603, 3.239528048922512, 3.043891283792134, 3.0526210940889147, 2.96257234107696, 2.8739569154151416, 2.962370365540796, 3.0894283717008166, 3.107467736522496, 3.04747215071801, 3.0298026088182928, 2.9226526044073866, 3.0868200252712232, 3.070240607759723, 3.2472718008911174, 3.498575031724845, 3.2100151232803777, 3.1172536007129175, 3.1358732096226314, 3.5517444233921176, 2.9520116536581327, 3.0036771925894614, 3.192544944605573, 2.9946551673749684, 3.0809494695796507, 3.0124320294425355, 3.2073190597174808, 3.0500877568685403, 2.9977841301551296, 3.308884008885989, 3.297940474612161, 3.094448547486856, 3.103740096060971, 3.002449764452726, 3.2323423354288514, 3.1431307336756515, 3.325158430749647, 2.860403113291508, 3.611792065658848, 3.1380030605948823, 3.0526519728483197, 3.2336054858803047, 2.9344293670123207, 3.0727171970653844, 3.0447503467193195, 3.108608781167759, 3.164371775362088, 3.3621411596311552, 2.979758188558797, 3.1670762938790564, 3.4235863796751382, 2.855074394164156, 3.2168795928685334, 3.2667372197588427, 3.0398372943808947, 2.9182410734521813, 3.0480491502548195, 3.21655200660388, 3.0379384325496868, 3.0436904375726503, 3.197224115305469, 3.157266779215818, 3.3067306011608415], "samples": [3.5808198191778065, 3.430810947406114, 3.2309765261787593, 4.550645388079325, 4.476220771884877, 3.3065722908574715, 3.193281601408604, 4.439235760435846, 4.514980565931651, 4.190908596202106, 5.776840336536898, 3.3824613340823677, 3.7655518667427654, 4.021285648825313, 4.137223860371065, 3.203407917232487, 5.537660622240941, 3.564098674008397, 3.777161868891257, 3.512733796833188, 4.658841275130663, 3.6236454474625286, 3.0003283590938365, 4.1383863326670145, 4.394580421053688, 3.47433371059211, 3.4158488285068085, 3.5791683322985755, 7.438812705331612, 3.3571264397977885, 3.286844669567249, 4.133407867704501, 7.865917877667575, 4.613487692170579, 3.630551349548913, 4.375442375138376, 5.5300071150556676, 6.37294336946693, 3.693883619958724, 4.248064973683765, 5.1554168325103635, 6.208756015390931, 3.789515536390986, 3.834772802535387, 4.030545196801544, 4.3993515085938455, 3.226757333827701, 3.5965648427372927, 4.246863781861412, 6.952882227513322, 3.4485586533680923, 4.402958089502284, 3.455750457587954, 3.4452802993939655, 4.799375037900863, 3.9909021123080652, 3.3410876754831804, 3.3850953266985004, 3.2899614991816515, 3.716284515601064, 3.4223200013739397, 4.652689244431873, 4.7260847890398585, 4.222670377755163, 3.676151538711367, 3.6198460448197416, 3.3480271981820704, 3.5402463265888517, 3.9608634369876095, 5.382658938262534, 3.7468856807340893, 3.4097285400423383, 3.6777288675619624, 4.910132812532802, 3.256055526229927, 3.2656554117910233, 5.03483403166921, 3.6336102413833435, 6.806645745046362, 3.3426099499950817, 4.305249533821596, 3.4386319720882996, 4.144127008147005, 4.048691639899564, 3.5064434025928293, 3.259228538368586, 4.236182204621712, 3.5964665822256148, 3.6183644432130175, 3.9338032589408614, 3.4175774871169797, 3.7741512130829453, 3.482893568035889, 5.188035643069062, 3.981567890115662, 4.971089039843419, 5.60664378024901, 4.416508904673872, 3.3135721412492747, 3.550451195586088, 4.003693233494028, 3.3487906779459418, 3.245760570495361, 4.182642136284506, 3.5579149601727638, 3.806539638742032, 4.826239170109441, 4.971721288402518, 3.5571631175604996, 3.5899555070287343, 3.677621959627916, 5.300937135091114, 3.5568330433932447, 3.5328229648216047, 4.676739431932146, 4.485752844908399, 3.5001637872651092, 3.867205032544217, 6.433961064439475, 4.577021509224248, 3.641318956418979, 3.9823878790066796, 3.3842258408527264, 3.7565837215281324, 4.5082325856758025, 3.8696123897281676, 4.832882801294579, 4.59540063219337, 3.2254255130237506, 4.693106084552827, 3.97172133269109, 3.355543268808881, 4.308532628392932, 4.993766010875504, 3.6464060860263072, 3.2677310761076703, 3.7990200033736614, 3.514528092975203, 5.912521619017341, 5.0540484015519125, 4.123840696550989, 5.047080428260014, 3.880389899100883]}, "metrics": {"roc_auc": 0.9777984253508729, "fpr": [0.0, 0.0, 0.0, 0.006993006993006993, 0.006993006993006993, 0.013986013986013986, 0.013986013986013986, 0.02097902097902098, 0.02097902097902098, 0.027972027972027972, 0.027972027972027972, 0.03496503496503497, 0.03496503496503497, 0.04195804195804196, 0.04195804195804196, 0.04895104895104895, 0.04895104895104895, 0.055944055944055944, 0.055944055944055944, 0.06993006993006994, 0.06993006993006994, 0.07692307692307693, 0.07692307692307693, 0.08391608391608392, 0.08391608391608392, 0.09090909090909091, 0.09090909090909091, 0.0979020979020979, 0.0979020979020979, 0.13286713286713286, 0.13286713286713286, 0.18181818181818182, 0.18181818181818182, 0.22377622377622378, 0.22377622377622378, 0.7412587412587412, 0.7412587412587412, 1.0], "tpr": [0.0, 0.006993006993006993, 0.6433566433566433, 0.6433566433566433, 0.7062937062937062, 0.7062937062937062, 0.7552447552447552, 0.7552447552447552, 0.7622377622377622, 0.7622377622377622, 0.8041958041958042, 0.8041958041958042, 0.8321678321678322, 0.8321678321678322, 0.8531468531468531, 0.8531468531468531, 0.8951048951048951, 0.8951048951048951, 0.9020979020979021, 0.9020979020979021, 0.9090909090909091, 0.9090909090909091, 0.9300699300699301, 0.9300699300699301, 0.9370629370629371, 0.9370629370629371, 0.951048951048951, 0.951048951048951, 0.958041958041958, 0.958041958041958, 0.9790209790209791, 0.9790209790209791, 0.986013986013986, 0.986013986013986, 0.993006993006993, 0.993006993006993, 1.0, 1.0]}, "loss": 0.02045008258682912, "PR_AUC": 0.9795499174131709, "Time": 1148.6218757629395}