{"name": "PPL_logrank_threshold", "info": {"n_samples": 150}, "predictions": {"real": [-1.0148941410198595, -0.837442596040664, -1.0136097821108792, -1.0144968535891934, -1.0227544677398017, -0.9284869754406451, -0.8774404796513767, -0.9193520743460564, -1.1002732557557302, -1.1776569574784417, -0.8525126327489125, -1.0443727722498042, -1.1909956394979608, -0.9973008650182592, -1.2505456304057998, -1.1846735427169879, -1.010555362407175, -1.1334185012759792, -0.9078699126120631, -0.9326863013661848, -1.3477989834903708, -1.0589945962450449, -1.0186495710899561, -0.8751160050671103, -0.9291073163831919, -1.1199378502080948, -0.9492407407167888, -1.2037029760881572, -1.1749128514024634, -0.7526311673079218, -1.2577814198428579, -0.7927561366607704, -0.9852671710546258, -0.8242167967955749, -1.0275652470087915, -0.9758598099822078, -1.1440367556461355, -1.0722767821373962, -1.379479431528677, -1.1342844958761455, -1.2607159552245895, -1.240555505959093, -0.9932007930585152, -1.1213647162898002, -0.9606697671225011, -1.2831849270129576, -1.0707524670646458, -1.085463408409058, -1.0267679718766027, -0.9157510942224566, -0.756683924291285, -1.2286011154947143, -1.1158916416137121, -1.6269734975269252, -1.2010860850782967, -1.3464302614806123, -0.9566033007320083, -1.1476172598533891, -0.9869579616754176, -1.092469916126186, -0.8893701523734823, -1.2062763635667533, -1.1409346364904231, -0.8106387055596996, -1.2107242894800285, -1.0735571239522175, -1.1027623705149112, -1.0461075542126212, -1.3265442835085854, -0.9612665896926568, -1.156170691197029, -0.9687157383897502, -1.1064156006967025, -1.0139624814468327, -1.1104300968734495, -0.8881641249095077, -0.9988924140422188, -1.039005030269935, -0.8408241742708297, -0.7530297086749783, -1.4421049062009588, -1.13761114393648, -1.1916380516937057, -1.160100196354278, -0.8131804046773486, -1.2224094604230635, -1.0976753001544077, -0.9159655925675454, -0.829410943072069, -1.1466660006632203, -1.0552827836275165, -1.184863903224659, -1.297468130287153, -1.2692651525447518, -1.1534660755728976, -0.9487660110085444, -1.0329397173807233, -1.2204946355029598, -1.2125202567737452, -1.0931177554379994, -0.9965177584409862, -0.8774781945914161, -0.8412233041706522, -1.139421743227765, -1.0448867907956223, -1.0609618683499034, -0.7018462501387827, -1.159378908507787, -1.2164856841154652, -0.9573030216881527, -1.346348546249897, -1.087177358384197, -1.4296140406615394, -0.9880920851012027, -0.9826929706479746, -1.0928639826707343, -1.05879357730838, -0.860234163164223, -0.9245567242502761, -1.0432295684476103, -1.2431810614688277, -0.8165729952982632, -1.0799181803869868, -0.8534348820218471, -1.2923870416794025, -0.7144820993100787, -0.9832786983235173, -1.1273888234545206, -0.8920713332702335, -1.283651986528054, -0.9456632008697288, -1.073102408490678, -0.8869572254500365, -0.8884393654146039, -0.9038921751841653, -1.1331740400855153, -1.014517579335907, -0.7237708889040089, -1.059487886378143, -0.9605939812168259, -0.8779425386083266, -0.9639647807853565, -1.2240167140328166, -1.0717007015562008, -0.9486930221312594, -0.8877978382922067, -0.8415857672929493, -0.8758363983155998, -1.0460182832265177, -0.927374562997906], "samples": [-0.5047026648609901, -0.49791722257836657, -0.5033249152850988, -0.49039461350674013, -0.4117761018221903, -0.5272090459714512, -0.5341941645813381, -0.41798980107849515, -0.4307410090043086, -0.5075650431605684, -0.46384421506192425, -0.5368108042860656, -0.4005882636552694, -0.5473667054230722, -0.46593952017174595, -0.5038944027965195, -0.38496081659577663, -0.5317842382701898, -0.46786905438121107, -0.3959550064926075, -0.49370693610818916, -0.5329389723715855, -0.5258272062089042, -0.4244511873108875, -0.4400046934860438, -0.42790123449362644, -0.4381440479061904, -0.5078370182763663, -0.4031127052460366, -0.3756849183725926, -0.5109339817799078, -0.3395367266442781, -0.24396829477569348, -0.29808208752326526, -0.6155385329228396, -0.5038216760867646, -0.45448453410959233, -0.45494492303394957, -0.48348544511365515, -0.5311789998771924, -0.5584661489050675, -0.38349984732777376, -0.4320246721990387, -0.45096129264368157, -0.5275255813945344, -0.409372758736872, -0.51652976331307, -0.30828992722618853, -0.5032390578025226, -0.48308708597912126, -0.4299717680690913, -0.4772687579050774, -0.3822471397576434, -1.4590747858385251, -0.54978640364293, -0.45380581357630356, -0.4593547820209568, -0.4660014640964673, -0.4980778446819426, -0.6573079000985422, -0.5251992955865149, -0.45335721443547844, -0.477118241403957, -0.4241835266316617, -0.6850445153534401, -0.3732230260903438, -0.46197726450668747, -0.44985551219606973, -0.46492031614808615, -0.4673736127003395, -0.5679865630772425, -0.4836245759865539, -0.4983097854553636, -0.4894094423141515, -0.45820428523062307, -0.44254038953406577, -0.4476870467853467, -0.42078656008919535, -0.32839307249386646, -0.41832153157324364, -0.6066979984996105, -0.34840239509221016, -0.5429449684766512, -0.496909280078542, -0.4045491753890847, -0.33552540229371214, -0.3424557065013014, -0.462012476843257, -0.48888300043022764, -0.5560138057570927, -0.4588720945791377, -0.3854205548880568, -0.3928006304992332, -0.5319899981333746, -0.3864667895918222, -0.4955422763440939, -0.4525433306468418, -0.5393887938902023, -0.43933953315796875, -0.4070524033455377, -0.2799129485330658, -0.4836423954244775, -0.3164797634351737, -0.42414408269467, -0.46314916231538517, -0.515515322252574, -0.31386784651270927, -0.4936314944771458, -0.40610272324699614, -0.4947616410605252, -0.5085894497575955, -0.48870666514928607, -0.3954942416895264, -0.4336808574327387, -0.5257367801853162, -0.4820768691852495, -0.46861330236175924, -0.3406762541728347, -0.5966473465509442, -0.4696367809554745, -0.4620053088735329, -0.45917562044212307, -0.4712664004109898, -0.5002150326545171, -0.48266791348678245, -0.43885982693172176, -0.41604276595166906, -0.4845891488507547, -0.5346253042404843, -0.5103407038983446, -0.5314530433554001, -0.44610514335095985, -0.42891677064015943, -0.41415459051970305, -0.4061404273618704, -0.5948936908898061, -0.4412706050926933, -0.514913888008613, -0.4198802342445366, -0.447657838785985, -0.34860436794810146, -0.6065814137789185, -0.4823457664016422, -0.4549991416390662, -0.33156833257105933, -0.48349807684768936, -0.431492710770891, -0.47091125899522124, -0.29224163580257634, -0.4991713255900372]}, "metrics": {"roc_auc": 0.9933777777777777, "fpr": [0.0, 0.0, 0.0, 0.9933333333333333, 0.9933333333333333, 1.0], "tpr": [0.0, 0.006666666666666667, 0.9933333333333333, 0.9933333333333333, 1.0, 1.0]}, "loss": 0.0033277591973241982, "PR_AUC": 0.9966722408026758, "Time": 1260.2884573936462}