{"name": "PPL_lrr_threshold", "info": {"n_samples": 150}, "predictions": {"real": [3.0006858089836856, 3.1500783445672025, 3.203099646045745, 2.9289515993486566, 3.0358673070302093, 3.003313793803087, 3.2141841468968417, 2.992241202800394, 3.0710346553099654, 3.00939621329592, 3.1320306345895275, 3.2114349692151776, 3.048517392756894, 3.046406112004352, 2.9455549202634503, 2.9544493141017725, 3.01716231981181, 3.015926862437894, 3.1658170381439215, 3.0901176023094523, 2.905477522185101, 3.1654989519032197, 3.008009334143934, 2.996188074706306, 3.1779529839556755, 2.9877451553577306, 3.063335265101068, 2.9116152757221343, 3.0723600251072196, 3.234629916306156, 2.869104992497198, 3.223580098522004, 3.0962373682353306, 3.486984633760063, 3.288242154600133, 3.216061446190566, 2.9585248733994964, 3.1000364942143506, 2.7511539547737045, 2.9938327304471066, 2.9492693362238223, 2.9425611318534886, 3.072956896561816, 3.063579747149548, 3.035769337357832, 2.967417352026398, 3.029324233786717, 3.1555943879621964, 3.1599476715768944, 3.047728587315037, 3.4814427078175743, 3.0014812911190623, 2.9081259381342304, 2.576309018442652, 3.0853978530829917, 2.9094278561662956, 2.9903147080704366, 3.073098836715962, 3.2526720901303885, 3.028806816818457, 3.203621671272937, 3.0338009714622345, 3.090771606724287, 3.4944933177502837, 3.0134954396448017, 2.992383710642374, 2.961164883520119, 3.089580491144922, 2.8355771937467997, 3.207309119773835, 3.141891507374871, 3.11596846449172, 3.084449036252938, 3.1239181328884715, 2.8767442868423827, 3.247760243000033, 3.181372698063391, 3.080640881687073, 2.9540633256359707, 3.3780008916104483, 2.7740086683472307, 2.897353609618582, 3.1637149174698145, 2.877838565752232, 3.286048359835394, 2.672872177578785, 3.098844892435894, 3.1649433237831377, 3.2236376697647717, 3.0562724909371095, 3.031233410848907, 2.9721406121270904, 2.8918531924399793, 2.893981549419024, 3.0087397656931727, 3.119161485864099, 3.0341109499303394, 3.04940402485339, 2.9006184360781497, 3.1236813047077137, 3.0656558707123454, 3.207351907266667, 3.4527866794274, 3.298368958754249, 3.09513623072337, 3.1185059723905932, 3.531734665796179, 2.9515245574933013, 3.006227509248745, 3.203800375210943, 3.0292868540680455, 3.079550605746485, 2.983119798907373, 3.222399492319858, 3.082836389275487, 3.009658283876813, 3.1697244315230693, 3.2649473609103628, 3.1943434714225902, 3.155096612982655, 2.9888220608854263, 3.2087854524070036, 3.2272496743775516, 3.3438456530573424, 2.900623355066435, 3.6236747880821074, 3.1312956780963987, 3.086346626034446, 3.2984860581328577, 2.9800742099085804, 3.075927602319726, 2.9728863799561918, 3.1771297000959566, 3.165996182221678, 3.339361623979942, 3.075084168450439, 3.1644536980237845, 3.3570765202804362, 2.887328585796316, 3.188125864054745, 3.2149468674193953, 3.0403120179328678, 2.9579782086027246, 3.0621586176702924, 3.2217261816198484, 3.084744053865928, 3.0797371078213636, 3.2191902515812623, 3.1355436056915384, 3.2639992547586827], "samples": [5.320688996239182, 4.903096905775507, 4.934936915973518, 4.903832515669959, 5.364219264116374, 4.601059095933126, 4.8033571496179395, 5.118406533058324, 5.103422583920328, 5.1802784417783885, 4.820233576192645, 4.515727551972918, 5.840538328405692, 4.704804334462122, 4.893496485277093, 4.606504881292835, 5.340997136994773, 4.443971582927252, 5.488785200686184, 5.905399687394472, 4.83214501334474, 4.807072087781662, 4.620196468455895, 5.526314316078319, 4.731099098390764, 5.719415652733514, 5.264306399172675, 4.91348206117185, 5.712617733920867, 5.412513205793685, 4.914776874894213, 5.5738871040117255, 7.490748880234003, 6.320332448247514, 4.844823176265778, 4.741568144718691, 5.232485961221374, 5.187942936816719, 5.227257133687426, 5.090492665395495, 4.999457384019343, 5.458789198498694, 5.249081833949212, 5.064636664954545, 5.194201483976096, 5.91786195658417, 4.947761293475817, 8.05548969704643, 4.983091235213949, 5.016995002994464, 5.24540564392667, 5.371220845918857, 5.373790401592716, 2.667811274041756, 4.703432754699404, 5.422695964740027, 5.296879036415864, 4.892803033510413, 4.972050756930681, 4.457841008575525, 4.780370647873316, 5.143758888158845, 5.5520377170262005, 5.4673734696072, 3.5204722722483823, 6.429041373208307, 4.990165295549037, 5.3331248024231055, 5.274625940481168, 5.0602813401085855, 4.822171813399684, 4.835590511337719, 5.124558638763303, 5.060166204565833, 5.404460519958033, 5.153417307249492, 5.200246057214492, 5.3726453188334835, 5.640196874237889, 5.0174548036245685, 4.48728981978272, 6.016647198647408, 4.771731574239789, 4.902213788520011, 5.20670109472612, 5.727474996129027, 5.943913886280493, 5.138806490493619, 4.737961301094015, 5.20570653837378, 4.920198797818186, 5.694315400980066, 5.475651416425279, 5.043054236733209, 6.028687823386001, 4.549180626519437, 5.30296306156405, 4.863355610880375, 4.791234662379178, 5.948997209825508, 6.645520171459039, 5.209277684820972, 6.636994210327232, 5.74201342543328, 5.011336976839745, 5.184058810212844, 6.462192034799918, 5.122389527543277, 5.154654371412287, 5.144770691488222, 4.768389398094648, 4.899984793392645, 5.631997838244089, 5.273743891545483, 4.4657178973906255, 4.81957029464247, 5.315752560650168, 5.78030113878006, 4.4523817718725205, 5.1339064534112415, 5.0407961624748125, 4.932892039180673, 5.141001410043802, 5.253917897560267, 4.961088409629723, 5.222526102638412, 5.456101619561147, 5.084005795699415, 4.655092402930805, 5.006465576196063, 4.583879471313784, 5.099484798085213, 5.549912916677496, 5.358837268128203, 5.307122481369659, 4.463261971372642, 5.141677875634721, 4.649798112460676, 5.571014262271571, 5.265369734763611, 5.56267175675798, 4.029544449316533, 5.140899332638007, 4.9383817291750995, 5.895636751167042, 4.583482028126, 5.2493143405239735, 5.014815678896291, 7.086758428044148, 4.561169296573619]}, "metrics": {"roc_auc": 0.9932888888888889, "fpr": [0.0, 0.0, 0.0, 0.013333333333333334, 0.013333333333333334, 0.9933333333333333, 0.9933333333333333, 1.0], "tpr": [0.0, 0.006666666666666667, 0.9866666666666667, 0.9866666666666667, 0.9933333333333333, 0.9933333333333333, 1.0, 1.0]}, "loss": 0.003416353752143886, "PR_AUC": 0.9965836462478561, "Time": 1266.9371910095215}