{"name": "PPL_lrr_threshold", "info": {"n_samples": 150}, "predictions": {"real": [3.2019908854078962, 3.2729973769538274, 3.1018311118020594, 3.469556813446002, 3.20988975268354, 3.355515816573508, 3.513334006743258, 3.1110761661276705, 3.57523713109775, 3.386833826479686, 3.404460430966642, 3.703310048076574, 3.380322323159612, 3.215065275956928, 3.2485866981801474, 3.652348902443503, 3.5004757261103254, 3.4440158235804814, 3.3812296923140757, 3.1612381299189236, 3.4282967702173814, 3.8452740309999554, 3.3271385792949957, 3.1392033806777366, 3.3806933289570535, 3.6260020804385773, 3.33623827944515, 3.5361042726275973, 3.2891019786837123, 3.5126802809467472, 3.538917501423064, 3.3498473567448834, 3.4694501705585434, 3.2916921247475646, 3.3547232232989668, 3.265161895048729, 3.2743357069580328, 3.3808562052814435, 3.238422708570879, 3.372992904930056, 3.3455253004039536, 3.340997577571959, 3.0693494284755394, 3.3138993206668372, 3.4279272121925413, 3.3712959135267653, 3.533651983889437, 3.4141675082097627, 3.2737730489520076, 3.164865191393746, 3.4826072258391187, 3.4186864821965166, 3.3917551963791177, 3.51430708323554, 3.1358586834448596, 3.2018604976543195, 3.289712362715535, 3.1367107391474733, 3.3411610727791343, 3.2226651631341685, 3.4958839483710844, 3.347895777050685, 3.421800037809016, 3.1946316969764226, 3.3713625682551065, 3.4214940084021386, 3.5192917639281145, 3.6088356564079214, 3.336047035099204, 3.2910965190828163, 3.3367296567166767, 3.1604141712179907, 3.3500262976868784, 3.0026065375558972, 3.109919300988236, 3.3437661180024416, 3.276212301111977, 3.0984881086810305, 3.170119421681703, 3.33358295726978, 3.252449592438936, 3.3427150667030365, 3.353445749803975, 3.471685596568163, 3.127930126496793, 3.5219157672147916, 3.3621859604701188, 3.2072347656780695, 3.27561362946677, 3.218054750713587, 3.203878196357825, 3.0623050859143848, 3.1650177555763106, 3.3835503896782377, 3.2054106851207966, 3.536163969354562, 3.134660490260269, 3.3434703639580876, 3.355513277544671, 3.8263916255554222, 3.378859937694269, 3.328628347396196, 3.1724407054428383, 3.5519197630119153, 3.184655690352838, 3.443254926932373, 3.3053102856896777, 3.3412946233357483, 3.1519060125072027, 3.3534801356979664, 3.2293135459524898, 3.3980564223338674, 3.2384951559102775, 3.193318199266934, 3.2051283962582913, 3.104188398312144, 3.1997109662644445, 2.962851302992016, 3.521042716175949, 3.3148392438400074, 3.505485906584117, 3.0853226350327088, 3.2782376040941696, 3.3702177822147377, 3.299913826069398, 3.534328325400004, 3.2298671253168925, 3.3906826749935286, 3.1091441190509994, 3.5796931572092423, 3.4047426091914734, 3.424028565585285, 3.17557808401558, 3.4745451564851937, 3.267046415884507, 3.2403480133129445, 3.2839860671388807, 3.127790997269492, 3.3240901733624884, 3.4364303938644234, 3.216874859272475, 3.4120213636710783, 3.1904944382798446, 3.156210087420174, 2.9871678048939043, 3.177782568941132, 3.3702660540406284, 3.058780798866645, 3.310799643452892, 3.1751776989674645], "samples": [6.178126103338267, 5.766945604251192, 5.589614482566667, 6.791429050850862, 5.8407960402760715, 6.040571526178058, 5.430818385571611, 5.524303520574126, 5.5838117364659015, 3.0951422724551945, 6.624430633824569, 5.4599554117522775, 5.731683158060409, 5.4790778222693275, 5.235534873066754, 5.969208872195615, 5.858025138564051, 5.47047519645937, 5.947577402691628, 5.487827596158175, 6.018336643302293, 6.285115154251815, 5.161626037152499, 5.328860749072109, 6.112711523309338, 5.942166913465452, 5.803977143467932, 5.591240533309375, 5.17565490950489, 5.232371136946142, 5.394953216770768, 5.571066719632124, 5.371974699306299, 5.769889355947594, 4.814386630804356, 5.313827170857067, 5.3671997010424, 5.04792476798789, 6.724153357013889, 5.272073034480075, 5.874657674111045, 5.962325952962339, 5.197480140799684, 6.0122215235604, 5.144979362858978, 5.22116983976173, 5.822906642251527, 5.50415396642949, 5.825567435145871, 5.919827231214733, 6.061541084582559, 5.134301966113497, 6.440287797555873, 5.317891238948971, 5.943346707581127, 5.3525453110834595, 5.706491097494001, 4.837061263609637, 5.8140058945529525, 5.92428557209543, 5.8706003477327675, 6.060264636925295, 5.958536333201758, 4.987978645021435, 5.279731677003989, 6.158335958180977, 5.455667028897385, 5.270685777401099, 5.20958997233718, 5.517731061374988, 5.811039680819578, 4.922584727157318, 5.597019931959093, 5.71245310723304, 5.185883537610615, 6.199464098753673, 5.595907899153553, 5.553479720495525, 5.561953695350025, 4.910679635702241, 6.044718224819837, 5.997579596517861, 5.3969432428122115, 5.217405507822879, 5.22448481912748, 6.194723530301025, 6.5627337478813805, 5.591120444140294, 4.829840002267543, 5.507035766854328, 4.578947024677756, 5.109997720962734, 5.261752087372353, 5.513792834018632, 5.035382626211108, 4.483354630789319, 5.670761167228292, 5.846537945017334, 5.363869933837638, 5.3636288269496575, 5.723028545009964, 5.097561277581975, 5.43440623870804, 4.8196312395557115, 5.415129098755289, 5.349793880057373, 5.596819946080558, 5.486000058093849, 5.741763956518531, 5.6691476754507795, 6.616671539336452, 5.339057370844678, 3.6889874774927987, 5.596341886432967, 5.237332943702941, 5.322901822290147, 5.121670279098078, 5.323168507459625, 5.489901030261813, 5.7723264580763045, 5.42116801842053, 5.541749940086646, 5.013477823555413, 5.251591433664636, 5.57951670655075, 5.852835241451441, 5.144824787699015, 5.749470234977378, 5.476367926377053, 5.393540091567562, 5.3717333817896415, 5.39591254038374, 4.895972584414841, 5.474453953245181, 5.234513072799633, 5.4494633149647385, 5.243471893024221, 5.370244776215365, 5.79308462410231, 5.955223273859506, 5.904357654535627, 5.308049495545258, 5.9319912954855, 5.669644712396293, 4.936114577640554, 6.1915076413515715, 5.296079959012844, 5.119311121766252, 5.916614809039174, 4.939646386180352]}, "metrics": {"roc_auc": 0.9935111111111111, "fpr": [0.0, 0.0, 0.0, 0.02, 0.02, 0.9533333333333334, 0.9533333333333334, 1.0], "tpr": [0.0, 0.006666666666666667, 0.9866666666666667, 0.9866666666666667, 0.9933333333333333, 0.9933333333333333, 1.0, 1.0]}, "loss": 0.0033912834222661337, "PR_AUC": 0.9966087165777339, "Time": 1262.8476779460907}