{"name": "PPL_Fast_threshold", "info": {"n_samples": 150}, "predictions": {"real": [0.39044733806928733, 1.8587726946671892, 1.1328170601233585, -0.06136102851567863, 0.23567932233305283, 0.5402369637651838, 3.633173581273039, 1.0135522251124218, 0.5299734861171259, 1.2508911563655136, 1.4745205060380333, 2.605840770137385, 1.893435876742832, 0.3900046476983104, 1.5349726219276256, 0.07069491472945531, 1.352067601780149, -0.13225905423642587, -1.599404121836558, -2.6273326269878514, 1.1595943809358933, 1.6792751105979373, -0.011353962295326604, -1.8312813477684824, -0.6920407043576866, 1.8828714598136433, -4.819014828500146, -0.717469613477427, 0.08043760021747268, -1.0735674284076615, -2.031599940175487, 0.7471302703364083, -0.5442547092642591, 3.4275697439488826, 2.5023244413174894, -2.744520711344091, 0.374610852426416, -1.2812101821721191, -2.7501052936216106, 1.108277745432806, -1.1389501078978836, 1.0267144708767628, -2.554567244971602, -3.378562954386203, 1.0541347344702683, -1.8998974424523505, -0.22119986983556247, 1.2769453515710347, -0.3713725875859473, -3.0415837833969106, 0.3600025564830525, 0.3501835663818781, -0.9476225875541489, 2.6690354628797492, -1.4799606381102346, 0.9254964119473047, -1.0377255230700546, -0.9147846504520478, 1.2526605560019324, 0.8279412791815776, -3.3010345900751203, 0.2622355079250462, 3.6875430624523613, 0.560806435393626, 0.7498104596171746, 1.4234865977152942, 3.1866744000984046, 0.47746668814329113, 0.19724012247962194, -0.3224457533699192, 0.2738619183321225, 1.3979032449521263, -1.2069450658673462, 0.6131300800881416, 0.4383003809108014, 0.5583520780881621, 0.41343270304536905, -2.137464329082468, -3.291938493701648, 0.12807655634602771, 0.7869647040325746, 1.1658197490792794, 1.1398472751902704, 2.079591078831063, -3.0456132686479633, 1.3370487943367, -0.1948321626206352, -0.10263411527723579, 1.3378610658697885, -0.21987186773702255, -1.1141051359651333, -2.712340179148623, -0.38541556778705743, -0.1055528938656179, -0.6435370069710317, 3.6489448819298915, -0.4213681960975273, -0.5199221012611159, 0.042910781512779564, 0.5327988544640804, 0.8498870650676918, -0.0952584503573412, -1.9651485114797096, -0.1155398946385956, 0.627121028815696, 2.3364208721150717, 3.0039124233683934, -1.280792350001951, 2.207840098203665, -0.16704528614107317, -2.907922582077786, 0.9090531744619982, -0.5161570860122636, -0.4303353562261491, -3.392450533819171, -2.972696607562866, -0.7556679172810742, 0.4619121264138265, -0.7886480325049672, 1.8738113474985039, 0.9165648817753028, -0.8354734044124448, 0.4799220705802289, 1.928026134551771, 0.22099694572322606, 1.0115259942274613, -0.2921574636023009, 0.9554239385344226, -0.7361452940338824, 2.1664720010162797, 1.332655336418708, -1.2937061258116966, 2.0828031626832813, -2.7643662089101877, 1.4307278484804768, -5.693199166233504, -1.5724007366193735, -2.5630804577734803, -1.8113634664695086, 1.5976849387766845, -0.1439094332961221, 1.7191573965798344, -0.7314938189080661, 1.2479661719412833, -0.9695855804397551, -0.982189922485, 1.2264748697987249, -2.2694471749145553, -0.7232686378975496, -2.2315954522766432], "samples": [0.3775188994537806, 7.518310487609713, 4.198851058106027, 0.40990594672697733, 1.8903912133230139, 6.020530082703312, 8.329930375045322, 5.060461210557355, 7.127282212080874, 5.303718160213452, 7.105552932614731, 7.886456950522843, 6.123576609798418, 5.286666263103525, 3.837557938227432, 3.319517146447944, 4.38861550620297, 5.560231072620756, 4.4852249616600135, 1.5971011264956625, 5.362148175954297, 1.2199769573545305, 3.7899228420214364, -0.4110513634208692, 1.3476995895183972, 6.108624605065539, 4.32548429306932, 4.294953919028708, 4.3667552765901885, 5.270085307610434, 2.1553299346780657, 2.3194644716231565, 0.9080745343075675, 7.262080943356205, 7.276510939858174, 0.14537030659034628, 1.6540528710903264, 3.0719486075597096, 3.337370684194215, 7.835485575511563, 1.5984567944853605, 3.8706094483350637, 3.4321373629372265, 3.3491224612218544, 4.7166913702765125, -1.2151641164810738, 2.166576086379711, 4.101194579144912, 1.427370449326668, 1.044542751622029, 4.357439555762141, 7.745304420433333, 0.2788786389983458, 7.1249374666040515, 4.015108624636711, 0.815601098414255, 4.947442800917839, 0.18089091325763143, 1.249771561738517, 6.093560873864296, 7.915473411852297, 5.399055876107998, 8.599076813604507, 3.7787817548111433, 2.6913174735127594, 0.08246685354270393, 4.165295943830469, 7.269515070469934, 6.134567492938617, 3.1414023201490644, 5.582323295033721, 3.888952902399122, 6.155286507997037, 1.9662607720220777, 1.6461067196976038, 6.207059690086732, 3.056033001369867, 5.058349722092648, 3.655834498859288, 6.845823983433513, 7.262347282307421, 2.101532411672623, 4.939250519730055, 3.4887759425549465, 3.286472795237716, 3.715417479785304, 3.0591405529331506, 3.5399659180637624, 3.412216061306746, 6.988229275952466, 4.8373285060919455, 2.5360796693845895, 0.9578974018587312, 3.254973222500457, 2.5124158156381906, 5.980929691157966, 4.393535724740214, 6.235747345217956, 3.5021912970825224, 3.9624328845675483, 5.208687212715526, 1.435524781137235, 0.009130898421786151, 3.6594467552741023, 4.104558800954064, 6.881935282621817, 7.122601324698804, 7.608118058404924, 7.516869588315472, 8.60314904869162, -1.7151989511692625, 1.2845505535763682, 4.446528632353474, 3.817901159829343, 2.6095219404088077, 3.980229523271902, 1.3347500899868352, 4.701634438032903, -0.3078071711513567, 4.966148643560667, 5.313818013693799, -1.5740563224257855, 3.802116353796217, 7.1999211331558515, 2.459896572086468, 6.611938816028424, 2.441292414533108, 6.633873990605664, 6.215018471539985, 4.331602575798598, 6.132949557219113, 3.1652810361065775, 4.672552532361129, 0.62650032398862, 7.041803560839029, 1.5263789470794649, 5.63133613496245, 8.473301301883037, 5.674783915683673, 2.6133357767255934, 1.1100184969522127, 3.7755838838826943, 0.42786972748774904, 2.6549667393862433, 1.2588202755747935, 6.519650977952605, 3.8618266735870335, 5.337007736237274, 4.492117710535332, 1.8831864021147575]}, "metrics": {"roc_auc": 0.9119555555555556, "fpr": [0.0, 0.0, 0.0, 0.006666666666666667, 0.006666666666666667, 0.02, 0.02, 0.02666666666666667, 0.02666666666666667, 0.03333333333333333, 0.03333333333333333, 0.04, 0.04, 0.04666666666666667, 0.04666666666666667, 0.05333333333333334, 0.05333333333333334, 0.06, 0.06, 0.06666666666666667, 0.06666666666666667, 0.07333333333333333, 0.07333333333333333, 0.08, 0.08, 0.09333333333333334, 0.09333333333333334, 0.10666666666666667, 0.10666666666666667, 0.14, 0.14, 0.14666666666666667, 0.14666666666666667, 0.15333333333333332, 0.15333333333333332, 0.16, 0.16, 0.16666666666666666, 0.16666666666666666, 0.18666666666666668, 0.18666666666666668, 0.2, 0.2, 0.20666666666666667, 0.20666666666666667, 0.21333333333333335, 0.21333333333333335, 0.22666666666666666, 0.22666666666666666, 0.24, 0.24, 0.26666666666666666, 0.26666666666666666, 0.28, 0.28, 0.3, 0.3, 0.32666666666666666, 0.32666666666666666, 0.34, 0.34, 0.36666666666666664, 0.36666666666666664, 0.43333333333333335, 0.43333333333333335, 0.44, 0.44, 0.4533333333333333, 0.4533333333333333, 0.47333333333333333, 0.47333333333333333, 0.5066666666666667, 0.5066666666666667, 0.5133333333333333, 0.5133333333333333, 0.5333333333333333, 0.5333333333333333, 0.62, 0.62, 0.64, 0.64, 0.7933333333333333, 0.7933333333333333, 0.8266666666666667, 0.8266666666666667, 0.8333333333333334, 0.8333333333333334, 1.0],