{"name": "PPL_logrank_threshold", "info": {"n_samples": 131}, "predictions": {"real": [-0.7990773321481054, -0.9011821968383195, -0.8242074813113427, -0.8038653397130112, -0.8965004919994918, -0.7508168355569413, -0.7771655533847432, -0.704156684768834, -0.6531253017713049, -0.9514472043680484, -0.8177811783354327, -0.733563094244001, -0.6307230078063693, -0.777556778433896, -0.7382564499190074, -0.9612235783930071, -0.6389042945595351, -0.4741250603443071, -0.8059360762893949, -1.084056142121559, -0.6809937750069546, -0.6726574405088577, -1.0195357015094546, -0.8823328535729007, -0.8010525137157105, -0.8184754483458986, -0.8366502282180684, -0.7240248787853929, -0.7268659731472429, -0.743715756701098, -0.9433080649928298, -0.8213725034744671, -0.9337589353432946, -0.8341523461645176, -0.7297166074210978, -0.8361802396079941, -0.6894637082189387, -0.8872916590048576, -0.7213818170491206, -0.6903813472000118, -0.7117840593006712, -0.8274509175827676, -0.912414486745487, -0.842305184096315, -0.7174141802926632, -0.8083985354894083, -0.741960517424748, -0.944772187176502, -0.83518877836773, -0.7613545536229062, -0.853202736244631, -0.745679547624704, -0.7886949962613048, -0.8468126318688775, -0.7365086722036768, -0.7253683361567059, -0.9222163411814501, -0.7008997819927848, -0.725104668881923, -0.7522622003967329, -0.9049044619888731, -0.8130360111166773, -0.9439426483474985, -0.9514910064537726, -1.0957082101291329, -0.9103150348639023, -0.7564742999729781, -0.7857105405094256, -1.0108526248864707, -0.866628612837612, -0.9587329986071708, -0.8275052927564137, -0.7968892672635025, -0.8318207874661657, -0.7205738672150235, -0.6560740442231927, -0.8513286184294709, -0.8785577655636765, -0.7915303684757973, -0.8282163508474331, -0.9534366379686776, -0.8089132889335555, -0.6289887179749949, -1.1112778676879222, -0.8080281543187166, -0.77267602102767, -0.6740044313179219, -0.7354789874145093, -0.8147258474863215, -0.8513141341997722, -0.7696007771351047, -0.7216326754544838, -0.6997657101975018, -0.9270860493358942, -0.7344408014883036, -0.8682866454517028, -0.8493809204312359, -0.7050699610292693, -0.9486666870914289, -0.9397140882097139, -0.8956496706485665, -0.6961068630335681, -1.0541366703557495, -0.7713312797417669, -0.8385864012780494, -0.8958264499386835, -0.8727110345132386, -0.8066346596956301, -0.8740551443644666, -0.7799825073919363, -0.8330742789617961, -0.6195700997442586, -0.684026439505373, -0.7776961217778389, -0.8984728453206328, -0.844284299220325, -0.7386818897146156, -0.7714234968650526, -0.9906557995352872, -0.7375986336353907, -0.8115529332765412, -0.8611993103782732, -0.8165524089397447, -0.756831405503664, -0.8602563788403546, -1.0318358075046246, -0.8304575523055122, -0.8465480364797565, -0.950633972237211, -0.8262325283482042, -1.0379630531988566], "samples": [-0.3666480077571975, -0.32787443342277905, -0.5009079390681984, -0.4158816963925494, -0.32252136964349426, -0.42793030838470375, -0.42208826601173544, -0.28227121825660406, -0.5668288767180898, -0.6950665722239003, -0.48905534073482665, -0.49252417518468505, -0.36707353381848373, -0.511938568497615, -0.39954110099859164, -0.5882169221522507, -0.3889812760923274, -0.35292914150706306, -0.2865808619859658, -0.5709716969147804, -0.39343206407971903, -0.39805193176679526, -0.5388423849273913, -0.42348254880634834, -0.3193708373531139, -0.36749915323586163, -0.6812439479588264, -0.3880376634542955, -0.5746855428344794, -0.45091707638687945, -0.44511437412410343, -0.4945619547464123, -0.4718654458688291, -0.4173517229426843, -0.30093908923079393, -0.3699140568542924, -0.3748854899739412, -0.415384697368261, -0.3768444514825593, -0.31379973955154494, -0.371215436641014, -0.43638202177540464, -0.49554495145514843, -0.47745483795046834, -0.29953388695805233, -0.35184155745304124, -0.42247405370035374, -0.37412882143612547, -0.3491086916446109, -0.37204918730229125, -0.3290611698669832, -0.32523306878546704, -0.4968495768842592, -0.6808478697435361, -0.3212955232483768, -0.3620855814363083, -0.43388580334286964, -0.38266362411353816, -0.4444590383697064, -0.35834386809432345, -0.3165792791535701, -0.5667076940625408, -0.5173710351703777, -0.6448701476541614, -0.5316907753055051, -0.532820357688663, -0.33665617002409237, -0.40980611143744095, -0.4423816107240852, -0.3364156687601129, -0.6890306731033716, -0.3815712806713558, -0.5626155614944287, -0.5010905805018588, -0.38998571838980367, -0.2770745568192238, -0.4901598663395394, -0.6159436856386304, -0.4439223806277268, -0.39036090759141684, -0.44156612821739244, -0.43542833962827626, -0.38541686839083933, -0.46632092368508105, -0.3807465606840737, -0.30430075266591416, -0.32331312469944085, -0.4811049553456973, -0.38687657070618203, -0.413882868465722, -0.365034099876565, -0.5385538639272889, -0.2560426408604271, -0.5947712498525679, -0.49425415744116763, -0.5106508888344597, -0.6427724738798851, -0.412598862418044, -0.5902047841936212, -0.5647512534122238, -0.4190739333083666, -0.3731343894355734, -0.5173788378602776, -0.38143319410140747, -0.5300212571492958, -0.5163033784378526, -0.4859976232361969, -0.5434118076981811, -0.36699431459684534, -0.8595813536288017, -0.5496039133479893, -0.44971911484604665, -0.4245223874391351, -0.3588814714905023, -0.7348075523216372, -0.3841174859345826, -0.3991381770171452, -0.36618470697501276, -0.4382858874124787, -0.34080239212946645, -0.4541387437446142, -0.4757732053808153, -0.46948886815649976, -0.34317852758076894, -0.4614763536027092, -0.37070854260579805, -0.325851143201213, -0.6068624506630032, -0.5756026479317731, -0.398559183972345, -0.4462241332134568]}, "metrics": {"roc_auc": 0.987704679214498, "fpr": [0.0, 0.0, 0.0, 0.007633587786259542, 0.007633587786259542, 0.03816793893129771, 0.03816793893129771, 0.06870229007633588, 0.06870229007633588, 0.07633587786259542, 0.07633587786259542, 0.08396946564885496, 0.08396946564885496, 0.09923664122137404, 0.09923664122137404, 0.22900763358778625, 0.22900763358778625, 0.6946564885496184, 0.6946564885496184, 1.0], "tpr": [0.0, 0.007633587786259542, 0.6564885496183206, 0.6564885496183206, 0.9389312977099237, 0.9389312977099237, 0.9541984732824428, 0.9541984732824428, 0.9618320610687023, 0.9618320610687023, 0.9694656488549618, 0.9694656488549618, 0.9770992366412213, 0.9770992366412213, 0.9847328244274809, 0.9847328244274809, 0.9923664122137404, 0.9923664122137404, 1.0, 1.0]}, "loss": 0.01024657642929816, "PR_AUC": 0.9897534235707018, "Time": 989.3271577358246}