{"name": "PPL_logrank_threshold", "info": {"n_samples": 150}, "predictions": {"real": [-0.8163860046389612, -0.6733567801510887, -0.8469817428484082, -0.7869451277540589, -0.7825619980546324, -0.8055259673666912, -0.697889961581459, -0.8291061092794866, -0.7624170728620582, -0.7879059365064042, -0.6906754040361834, -0.6651048455320934, -0.6946805289971286, -0.935347294732893, -0.8427565158519803, -0.7375959968910412, -0.632052579277118, -0.8122420295595513, -0.7898308782904802, -0.9731058125449454, -0.6465872654508131, -0.535516347398082, -0.8491465940888876, -1.0152000766201852, -0.7389216042066502, -0.6495524900027105, -1.0554045969239936, -0.7562419044489455, -0.8589976555668327, -0.7887143391163676, -0.8565151776398819, -0.868985709479705, -0.7133591375551299, -0.7382160849790356, -0.7195404085272544, -0.9394876811097922, -0.7599464596871318, -1.0276371135184958, -0.8885850546785619, -0.7463461310454057, -0.8606014923995001, -0.6901409486394641, -0.9649703754026259, -0.8461106926871231, -0.787791324213932, -0.8297444577330856, -0.7717754566903576, -0.7341979286592473, -0.7997468429623551, -0.8985867539245151, -0.8856102664365036, -0.7504688904170034, -0.8046269696311532, -0.7474307610506861, -0.8830437103726808, -0.8489784279627296, -0.7696865934944216, -0.861224477341904, -0.7452605747911226, -0.7135636635448758, -0.8493614657422666, -0.7491845433913031, -0.7085144896446481, -0.8716623453951295, -0.8089161195840053, -0.6499222483983974, -0.7181547941258224, -0.7920275844161636, -0.7353117447030455, -0.9029162957007199, -0.8077453037345268, -0.9014715325664798, -0.9533930682662006, -1.0710603459427672, -0.8245588257410134, -0.7415826869144879, -0.7835457390360276, -0.9905962856732591, -0.8258965870354057, -1.0357007815841233, -0.8469299607460014, -0.7898491199081974, -0.814290575816047, -0.6942424420194512, -0.9446727774898886, -0.6576783501204208, -0.7586499231756272, -0.7993161356826661, -0.7743433225651001, -0.8407364505194027, -0.8141201752825069, -0.7886557477030435, -0.9154408948646379, -0.8815907683233281, -0.9567926298515264, -0.6496422999903126, -1.054221794932212, -0.8177269253461551, -0.8062095585758002, -0.7083996976948205, -0.7128035281629581, -0.8410457031800977, -0.8573490430905255, -0.8417063279561694, -0.7442968173836934, -0.72278750619068, -0.6551547186575454, -0.9726502172729763, -0.7424851923468748, -1.0003297682107237, -0.8609342278660138, -0.8645179847896726, -0.6408813787049843, -0.8571554865721634, -0.8392406195402461, -0.9176201103822894, -0.7273746600791273, -1.0407556932794015, -0.8187871947374632, -0.8381273833546707, -0.724428253007973, -0.8743274920147178, -0.876674503779037, -0.7019016067718482, -0.8738947783319099, -0.8378608386479902, -0.850934292726501, -0.7912934863815688, -0.8019182273030921, -0.6666927259234563, -0.655285105647241, -0.7781206391887076, -0.8977275160755563, -0.928870316000962, -0.7301921452932861, -1.0891159486048188, -0.7770291775773539, -0.977916546607719, -0.8293506067264976, -0.8825151565344928, -0.804689599984189, -0.9093080430811559, -0.8091649522353369, -0.8183186944955968, -1.002441254218923, -0.8305294150894552, -0.85784061930641, -0.9680031669628135, -0.8278165940528974, -1.0832360679340665], "samples": [-0.6765098057999391, -0.4307140426823295, -0.4564764075151207, -0.5111140680275855, -0.6136654028384141, -0.4251967970867478, -0.4558793411911994, -0.4522713779466067, -0.39176889566859807, -0.5086780013284832, -0.2980637139466449, -0.35220893396183434, -0.5202366351675191, -0.6221214795549442, -0.5221036759635114, -0.5385454862195505, -0.4214992703082669, -0.5149695632418052, -0.4680708179060352, -0.5825277745767807, -0.3942645981750637, -0.5101339382195087, -0.42311350103368184, -0.638228908165414, -0.5215859331757495, -0.3978810571165387, -0.4736037638386993, -0.3397851807598118, -0.4484137974271041, -0.5642753555042642, -0.5921587278349673, -0.7882063863594297, -0.5488397282647807, -0.540211065546444, -0.4112250749787668, -0.5252832756716812, -0.5098605264654769, -0.5896750578228805, -0.4770471721424198, -0.3840357794305083, -0.4631185507990833, -0.4968249199907081, -0.5341812148677222, -0.43059507527043733, -0.5652366778338731, -0.6273697307078115, -0.6896394219098387, -0.4289557130115714, -0.4739650184584903, -0.5233377951480785, -0.45757344505661024, -0.3434618648470646, -0.35175026975569945, -0.36457466908149416, -0.4607321462877083, -0.6190165774467724, -0.4653903600535636, -0.5419499085590084, -0.5328696661332227, -0.3822590117496343, -0.45562700590466043, -0.538476032773974, -0.3663518169829284, -0.5044225061841174, -0.7726015899249032, -0.4637646348692594, -0.526237573162188, -0.3688491324198408, -0.5097172485078717, -0.4698563630137702, -0.47122244334426855, -0.473167962601934, -0.45325863351992496, -0.6585166915697863, -0.6167469687793639, -0.4392841449610156, -0.38411312701656064, -0.5339497087025662, -0.4565539180353091, -0.45919923987416567, -0.41914285763123865, -0.4880663155182523, -0.4708695768282105, -0.4681950159464742, -0.48781927573371575, -0.49639186663904494, -0.380544722444007, -0.5829359817283403, -0.6578173836856515, -0.4910695233720504, -0.44321401833193813, -0.4869273729636475, -0.6121305096676929, -0.7487831052629207, -0.7041510265767835, -0.506129506940528, -0.5452159368621127, -0.4887130314076121, -0.4516991797217056, -0.42099289230999853, -0.4480134933980707, -0.4682381841913975, -0.566352992966858, -0.6654516103166116, -0.4890254987095108, -0.3663647372321406, -0.4627426325447784, -0.5772150243029428, -0.4557286067977334, -0.3757928872111118, -0.48646215547449173, -0.9298983534381899, -0.42533713329559614, -0.4348839892437207, -0.39559597920772244, -0.49244416486911885, -0.4661520316467625, -0.47776208030115846, -0.5793621226064888, -0.5425833345646162, -0.4166920585085631, -0.7362286427897546, -0.6458645548059264, -0.40226251952878483, -0.5943236387980679, -0.44825874451555847, -0.4881966615809277, -0.448879587465053, -0.49629900904344165, -0.35626112995681436, -0.47738234058579876, -0.44287889525691043, -0.6578188271862669, -0.826187414219431, -0.4660298424680495, -0.5299786625836805, -0.44361732648900337, -0.425924736640721, -0.4430146833237033, -0.6541447714929441, -0.6894876725550385, -0.6151665041973169, -0.790853284196725, -0.5945429340209698, -0.5082431564062905, -0.29452797919060536, -0.5539957650779875, -0.401603476543475, -0.5365410631911048, -0.9071757867801853]}, "metrics": {"roc_auc": 0.9683555555555555, "fpr": [0.0, 0.0, 0.0, 0.006666666666666667, 0.006666666666666667, 0.013333333333333334, 0.013333333333333334, 0.02, 0.02, 0.04666666666666667, 0.04666666666666667, 0.06666666666666667, 0.06666666666666667, 0.07333333333333333, 0.07333333333333333, 0.08666666666666667, 0.08666666666666667, 0.12666666666666668, 0.12666666666666668, 0.21333333333333335, 0.21333333333333335, 0.2733333333333333, 0.2733333333333333, 0.32666666666666666, 0.32666666666666666, 0.38, 0.38, 0.4066666666666667, 0.4066666666666667, 0.5466666666666666, 0.5466666666666666, 0.8266666666666667, 0.8266666666666667, 0.8533333333333334, 0.8533333333333334, 1.0], "tpr": [0.0, 0.006666666666666667, 0.6933333333333334, 0.6933333333333334, 0.8733333333333333, 0.8733333333333333, 0.88, 0.88, 0.8866666666666667, 0.8866666666666667, 0.8933333333333333, 0.8933333333333333, 0.9133333333333333, 0.9133333333333333, 0.92, 0.92, 0.94, 0.94, 0.9466666666666667, 0.9466666666666667, 0.9533333333333334, 0.9533333333333334, 0.96, 0.96, 0.9666666666666667, 0.9666666666666667, 0.9733333333333334, 0.9733333333333334, 0.98, 0.98, 0.9866666666666667, 0.9866666666666667, 0.9933333333333333, 0.9933333333333333, 1.0, 1.0]}, "loss": 0.023187311408412237, "PR_AUC": 0.9768126885915878, "Time": 1271.79208445549}