{"name": "PPL_likelihood_threshold", "info": {"n_samples": 150}, "predictions": {"real": [-1.5576391862358765, -1.385665112969404, -1.6542837226584755, -1.6200668804079992, -1.5744710730691862, -1.5959255867563513, -1.4427225657272171, -1.6167322657118033, -1.499616621401283, -1.5358471992064118, -1.4449669636421756, -1.427840555269175, -1.4606134681923002, -1.7529701887964528, -1.6614600080987565, -1.4814219932006634, -1.3475124298192334, -1.6479659565689853, -1.5330359249196348, -1.8699376121670706, -1.312965779706827, -1.1982279999474232, -1.7044958253292237, -1.897983438114263, -1.4703070774912625, -1.3488262717948971, -1.98867021401898, -1.5448313936695248, -1.6435445294994184, -1.673238459462016, -1.7256818907956677, -1.7188732367693886, -1.4568991583540314, -1.480895947155208, -1.4530719244040309, -1.8689682951007167, -1.5214361390669406, -1.93603075641221, -1.7199269816710836, -1.4938176780960903, -1.6322075193648922, -1.435047854752038, -1.8171411402641442, -1.670848936648091, -1.556329725240949, -1.6278424447226125, -1.5545173001166648, -1.489376173162519, -1.6376244378048979, -1.7212732417859098, -1.7701235713332686, -1.4758838903447256, -1.5956739458897335, -1.5188154564425365, -1.7095469077844778, -1.6703932545798228, -1.4983412454611573, -1.7207609701592095, -1.498777982411741, -1.458990240184884, -1.7446787287326244, -1.5135083789532957, -1.4839229246667756, -1.7067507546537652, -1.5496652456803968, -1.3396099724173258, -1.4717352463072808, -1.6479529887886166, -1.474946240844027, -1.7554096980105898, -1.6206094788476928, -1.7108724010810974, -1.8417618401534923, -1.9496746403203489, -1.5528996169165221, -1.4996763897411822, -1.5877309417751888, -1.8392850805087144, -1.628561832078624, -2.007975569141391, -1.6760691662197371, -1.568766620065889, -1.6023783513754812, -1.454098365430155, -1.814359630538264, -1.3979872523767836, -1.5016904191869578, -1.6474655381780388, -1.590134190975935, -1.655712375225967, -1.588410541628171, -1.5549986176190982, -1.762685592587014, -1.7495637294120343, -1.8098198764106983, -1.3573408968158125, -1.96310457245675, -1.6697183353769616, -1.6218326473478568, -1.48729478182251, -1.465268832589115, -1.6513748086633886, -1.6708663306255138, -1.6668714868285928, -1.5049302046473378, -1.4958636378666852, -1.3233300848472476, -1.8482564148431029, -1.453142163219614, -1.9154429743535548, -1.7073035955773763, -1.6899427219022305, -1.2949461163952734, -1.6724642154018068, -1.6524692126962761, -1.753019105536646, -1.4446220101441867, -1.9419119396871094, -1.6311758205864153, -1.6631658747530158, -1.4712545348745214, -1.6280723251236555, -1.7380777590477732, -1.3856943190584585, -1.7122009205340718, -1.6869590463600665, -1.6783145153910688, -1.6296289095904406, -1.5870134517592664, -1.338403414146827, -1.3504497732349157, -1.541392770944978, -1.7358943560816413, -1.7833281712650109, -1.5099221524936133, -2.0077963005160853, -1.5659796823633914, -1.8386151953274592, -1.6026412594176331, -1.728772808572428, -1.5560429034004604, -1.7752269252207251, -1.5931533069219217, -1.6444339267482018, -1.8224388761478882, -1.6838219322146375, -1.6514578041277954, -1.841323878673265, -1.673092104741818, -1.967735040858803], "samples": [-1.3493758896285293, -0.9622140524620051, -0.9179420733488693, -1.0049340212261744, -1.1743331537653627, -0.9056317451345028, -0.936204998751793, -0.965053363597754, -0.7894851191709826, -1.042034602605926, -0.6820951562344383, -0.7457520560760551, -1.08738131896917, -1.2086247765668245, -1.0212720014672534, -1.0939866573559005, -0.8759808353358443, -1.0909213502206367, -0.9911768918581205, -1.1896634631683123, -0.8295543272175376, -1.0395093101097779, -0.8752858875697134, -1.2156547610905961, -1.0914656768987743, -0.8333948758492464, -0.9650857213827659, -0.7689263606231009, -0.9193252039598766, -1.1952025938726534, -1.183003785443723, -1.637442592134479, -1.1211054450266813, -1.1042980403219707, -0.8864250966992128, -1.089654960340757, -1.0174663790077647, -1.1518908373553516, -0.9819629648030566, -0.8268223888789806, -0.9810119704009964, -1.0458087829386022, -1.0505020557649658, -0.8807568654238697, -1.1282538949686993, -1.1993620113663348, -1.4269638107547862, -0.8968235287243005, -0.9412109718102197, -1.0407584387412556, -0.9490004030968828, -0.7119125717915196, -0.758442173609911, -0.7656293227566167, -0.9609455266913416, -1.2904728115880135, -0.9314143650092949, -1.091721020891561, -1.080132833922899, -0.835234663640529, -0.9556742574287929, -1.105319975839923, -0.782490656032746, -1.0165887582238176, -1.5664008277314432, -0.9293663117614077, -1.0887649360716192, -0.8088107670876268, -1.065612737453081, -0.969987369616507, -0.9849388112587767, -0.930543895612968, -0.9363113032577803, -1.2491348438855456, -1.1689485371262427, -0.9627008802598249, -0.8296881564687882, -1.046439567927011, -0.9753900476733725, -0.929690267824731, -0.8960804503411995, -0.9859543077907829, -0.9584780181565111, -1.0346925945503194, -1.022648867949201, -1.002695593769423, -0.7998155671161918, -1.1698878125545862, -1.2473325723437283, -0.9625307649717381, -0.8875411706534678, -1.0387569682939322, -1.275150769889743, -1.5320803173634103, -1.3250742029945357, -1.0721416500374166, -1.064409590657925, -1.0323992575743135, -0.9418954845498325, -0.9021198501410892, -0.9549139296682531, -0.9339727402466875, -1.0974243738562888, -1.2442980927602656, -1.012022628021891, -0.8082536172091497, -0.9776462876584051, -1.1455096807621932, -0.9056820385706109, -0.8073750127722885, -0.9728426551205694, -1.7766672726481405, -0.8843183458529953, -0.8884585064623745, -0.8418760482234979, -1.0003974038436172, -0.931165513663736, -0.9943350066240797, -1.2019301381431677, -1.1195166775444758, -0.9095583346620033, -1.3976542548864597, -1.244387915569646, -0.8267027222023476, -1.1836138381624512, -0.9253150597923405, -1.0232001148207128, -1.0020496284456304, -1.0620029500510753, -0.8079922267442975, -1.004072307938067, -0.9388193259567285, -1.2950135003778382, -1.6254749932295653, -0.9700528193160238, -1.0469931606395626, -0.9122388512067215, -0.899988316928754, -0.9064649056109175, -1.2931257509076295, -1.4379989029602855, -1.2436611171152283, -1.5144660902075948, -1.1882090908225957, -1.0310804524121993, -0.6447395747747111, -1.0980338770212665, -0.8578602182544283, -1.0998617607381316, -1.757450390290637]}, "metrics": {"roc_auc": 0.9722666666666666, "fpr": [0.0, 0.0, 0.0, 0.006666666666666667, 0.006666666666666667, 0.013333333333333334, 0.013333333333333334, 0.02666666666666667, 0.02666666666666667, 0.05333333333333334, 0.05333333333333334, 0.08, 0.08, 0.08666666666666667, 0.08666666666666667, 0.1, 0.1, 0.3, 0.3, 0.31333333333333335, 0.31333333333333335, 0.3933333333333333, 0.3933333333333333, 0.49333333333333335, 0.49333333333333335, 0.5333333333333333, 0.5333333333333333, 0.8333333333333334, 0.8333333333333334, 0.8533333333333334, 0.8533333333333334, 1.0], "tpr": [0.0, 0.006666666666666667, 0.8333333333333334, 0.8333333333333334, 0.9133333333333333, 0.9133333333333333, 0.92, 0.92, 0.9266666666666666, 0.9266666666666666, 0.9333333333333333, 0.9333333333333333, 0.94, 0.94, 0.9466666666666667, 0.9466666666666667, 0.9533333333333334, 0.9533333333333334, 0.96, 0.96, 0.9666666666666667, 0.9666666666666667, 0.9733333333333334, 0.9733333333333334, 0.98, 0.98, 0.9866666666666667, 0.9866666666666667, 0.9933333333333333, 0.9933333333333333, 1.0, 1.0]}, "loss": 0.018826109882318698, "PR_AUC": 0.9811738901176813, "Time": 1245.5510046482086}