{"name": "PPL_lrr_threshold", "info": {"n_samples": 131}, "predictions": {"real": [3.2019908854078962, 3.1198081581623853, 3.3789466615125217, 3.209077750553172, 3.076768932245107, 3.5135731059763335, 3.4280570843739406, 3.436155216025914, 3.6776887976079915, 3.198993848281905, 3.2758752446631716, 3.529447875214394, 3.5104851506090866, 3.504101336880761, 3.3346408634153017, 3.145701456114036, 3.4321498892322078, 3.973704666313664, 3.4213714867731535, 3.1918815987791302, 3.4592765438492568, 3.593244229679666, 3.306546912302956, 3.206148961361059, 3.4940425547381846, 3.5279481085812576, 3.3824755037209115, 3.3860867407422104, 3.3507660727451087, 3.357792788289786, 3.299472615493462, 3.234734655391443, 3.3439921376230712, 3.313372404169242, 3.3444562469457844, 3.341020937731536, 3.3487083209041555, 3.3451550842646363, 3.441775934576076, 3.537468588252696, 3.416297212048412, 3.213109558621938, 3.1456895749941656, 3.439138672571572, 3.4660996082241176, 3.349977627767128, 3.4277515084410703, 3.1067392913971217, 3.2543608434347506, 3.2859667591829873, 3.151598758623164, 3.3089042075397157, 3.226897592748032, 3.4688983177492854, 3.4287930122680774, 3.3890589996634373, 3.187722719731349, 3.513445649632925, 3.678687196959293, 3.3762756012464457, 3.2301079118277913, 3.2564016426565563, 3.1437571350834856, 3.3378490595410235, 3.051136564605753, 3.1965672863592482, 3.315435960192256, 3.221266712253841, 3.078384489112579, 3.202905897082555, 3.3409012309225137, 3.2224013984102973, 3.2704992224808858, 3.335850589830107, 3.441193414546392, 3.516804811102463, 3.2090014355702987, 3.2219448118911744, 3.3143085813508812, 3.0702309176241482, 3.076560252361157, 3.324306210268707, 3.522951654837127, 3.0791850326565435, 3.34371291422403, 3.440293087020593, 3.6896702170381896, 3.3198529693954537, 3.304672233357038, 3.244978980645907, 3.247475864089102, 3.500657517776394, 3.296778095331951, 3.3381708481411714, 3.251997432798813, 3.2606464915343025, 3.287217649391262, 3.183864949812897, 3.1125895841353874, 3.1371943815037833, 3.1034238990970144, 3.200892165049752, 2.9510070462189346, 3.518998667352605, 3.1157534741038004, 3.3187394649129676, 3.2749580979229598, 3.546841820238703, 3.246575550930986, 3.3782328882694874, 3.1045418496890202, 3.5464150889523136, 3.347723718657278, 3.386779630049856, 3.1423740940580918, 3.443369649991992, 3.2631547164641734, 3.3256839599036563, 3.240632106329336, 3.408330165953546, 3.462432794552704, 3.1598183313972315, 3.3997101439275754, 3.250193038534229, 3.14327753889374, 2.9572178127166913, 3.2148790021740896, 3.3904994607260726, 3.153119495622935, 3.3647435005575623, 3.1481183911286856], "samples": [5.927852232108507, 6.71427654813718, 4.8323924142197, 4.855650766648555, 6.115902913148446, 5.653948256509213, 4.8780232725104185, 6.056527943047855, 4.197453146001692, 4.335179950894149, 5.716431665282428, 4.652119304474633, 5.265398005475003, 4.4499950466615665, 5.331004210642036, 5.305377386444602, 5.597217880098496, 5.379147093018473, 6.731891559958271, 4.926970413916269, 5.317429374755171, 5.55626815701821, 5.082774537700713, 5.920375446502072, 6.756513386342771, 6.269039274094675, 4.120026188827254, 5.2194106697899105, 4.694830914536874, 5.489912598288929, 5.384371795006275, 5.058007795269498, 5.468087163395831, 4.792342756623453, 6.326215774706851, 5.698891774442397, 6.112822804012815, 4.218525627904181, 5.694485585683739, 6.242045191316067, 6.246486849042459, 4.822215514186846, 4.865634637650712, 4.8207917990382585, 7.903720482196061, 5.544089362706888, 5.202294044003009, 5.756811344175544, 5.916438867530137, 6.014109459060754, 6.642657374533247, 6.475766652092196, 3.8764974532920426, 3.7662066178050586, 6.103343917332461, 6.53620767227641, 4.889622267077921, 5.339729957708004, 5.525511383023655, 5.737521026490931, 6.61982162013772, 4.616185485815108, 4.192246174541273, 4.278963848891915, 5.442480306438463, 4.684769348659246, 4.627049000641838, 5.591615383689228, 4.7507884431958, 6.041814494722102, 4.120310751710816, 5.337554047020062, 4.5781737259841675, 5.264974030519104, 5.956899096833474, 6.534119538512633, 4.73699409752087, 3.878259830363065, 4.666091670471709, 5.450927676105253, 4.8870200760295655, 4.928662437695736, 5.242401472211317, 5.435552446881653, 5.930738739700242, 5.56900194837824, 6.129013141818831, 4.6049259032451975, 6.008223019177007, 5.4937791206518645, 5.716531826446454, 4.7836774188202735, 6.997788282523579, 4.244595803134207, 4.130759005043416, 4.475714732158531, 4.007161901884839, 5.298242300760661, 4.5714618582797675, 4.338079638218487, 5.7695093372529085, 5.745153726491723, 4.499067953890872, 5.16587003575836, 4.9358803920498815, 5.203500619387856, 5.322719827847038, 4.4861714814565365, 6.5532050728826325, 3.5056861999679496, 4.132607431012417, 5.240770045429839, 4.992177397068986, 5.639931525699828, 3.4150634768306953, 6.0401655591998935, 5.906688683420114, 5.2978238022106, 5.553254852135809, 6.5139087460136835, 5.800844443852902, 5.201695390980275, 4.759566205375117, 5.245172887133333, 5.618603363370771, 5.385347052907227, 6.367367813439954, 4.1735819727417605, 4.3349877650681625, 5.858174706134343, 5.473076417741201]}, "metrics": {"roc_auc": 0.9968533302255114, "fpr": [0.0, 0.0, 0.0, 0.007633587786259542, 0.007633587786259542, 0.12213740458015267, 0.12213740458015267, 0.26717557251908397, 0.26717557251908397, 1.0], "tpr": [0.0, 0.007633587786259542, 0.9618320610687023, 0.9618320610687023, 0.9847328244274809, 0.9847328244274809, 0.9923664122137404, 0.9923664122137404, 1.0, 1.0]}, "loss": 0.0026320368462082744, "PR_AUC": 0.9973679631537917, "Time": 929.4373116493225}