{"name": "PPL_likelihood_threshold", "info": {"n_samples": 150}, "predictions": {"real": [-1.5336731791263165, -1.4995606670454247, -1.7732205501568865, -1.6477526165537992, -1.5936492530571675, -1.5981028264834938, -1.386029896957039, -1.7358694443172464, -1.4613312462020116, -1.5481723732596027, -1.486028805855666, -1.3898778649298429, -1.4945626695602887, -1.776585995340278, -1.618814693643005, -1.4216265888829116, -1.3512539888855413, -1.6056933303624523, -1.4329718765003037, -1.8294899713069066, -1.3022952501482579, -1.1161764309963293, -1.6667812494912262, -2.065628063145851, -1.3914657089787483, -1.4003102607341213, -1.9104628302257531, -1.5386933809236174, -1.6391433592531652, -1.6903967796002772, -1.6388358003226913, -1.6633371518723907, -1.440120039313357, -1.4813739650519895, -1.5024466722376306, -1.8963547240771048, -1.6141971951556264, -1.74500501129356, -1.6575460786047744, -1.450062050302443, -1.5999389746246504, -1.4329711467843498, -1.9580050674753695, -1.7706037718471386, -1.4392616809296694, -1.6247277375163058, -1.433309086199816, -1.436060032172, -1.6595418104159756, -1.7361248182246045, -1.685691380505458, -1.430691910398118, -1.583406758900796, -1.4744788659843375, -1.789931059871268, -1.6714294434963084, -1.4888151563197087, -1.7172560977336986, -1.498485715863833, -1.6137425334927076, -1.7210329214666449, -1.5213823207800032, -1.5062261003672597, -1.8019643186291605, -1.5335281056130756, -1.3628306022628005, -1.4267681186262215, -1.539394974544091, -1.511585127662713, -1.73035276751459, -1.606322583593273, -1.7858497479254185, -1.828613022924343, -2.0112550321107374, -1.7483038132343593, -1.5129999937114755, -1.5677140723365963, -1.8647182630988595, -1.7274893992188673, -1.8810748913896282, -1.6371013229300362, -1.557793719831122, -1.6283296164810324, -1.4938748979839231, -1.8321892345341462, -1.395805832707799, -1.49656147041477, -1.7513828844582449, -1.5638370380743871, -1.756982056241488, -1.595453700544871, -1.625484184471061, -1.7873456089739925, -1.6029230665673517, -1.7783886872515489, -1.322548401607047, -2.0254455033152814, -1.6517224613774004, -1.5940041801021845, -1.3604548306079438, -1.4887156072269472, -1.5886869341174332, -1.728559479662614, -1.6193776624914347, -1.5771873258939435, -1.5097699102777433, -1.4035099863256255, -1.7629942419435938, -1.481977296593595, -1.7543845911512501, -1.7385909092159355, -1.6184090024563447, -1.403886727747815, -1.785249441563393, -1.7968400458127853, -1.7226131307716057, -1.3946155446275785, -1.9631443605901655, -1.5349140868795779, -1.6777919109195434, -1.4105632375562205, -1.595014923284769, -1.7738072566388214, -1.4808291318185927, -1.6954218669807084, -1.6347020825118053, -1.735224972210112, -1.5960222059477853, -1.6523925209114416, -1.2453671738056744, -1.3825222876506196, -1.5344089603721627, -1.7110310023291107, -1.6464734955639928, -1.529653491596005, -1.8632017379625563, -1.5763986208962222, -1.9331960615660644, -1.480102082252692, -1.6106936818195785, -1.6006254454042155, -1.6093716741479984, -1.5323261523048863, -1.7241889234586372, -1.87556120842023, -1.697760901118713, -1.6520327357722642, -1.864824502819464, -1.6869884453367174, -1.8852808552915405], "samples": [-0.6260095638568178, -0.7789087672025116, -0.7884745299833685, -0.638290343452487, -0.7618545628556295, -0.7343705207143757, -0.7721911221069164, -0.8112306886018705, -0.8209575234758288, -1.5307897805205113, -0.7066577193180487, -0.8317076981182256, -0.8518985105545114, -0.8912091385105659, -0.9838098030082523, -0.7361212896661248, -0.776926276198087, -0.8538432794340747, -0.7043568532114358, -0.8875747595474378, -0.7373295989857497, -0.649549794654749, -0.884720430265904, -0.8908308163621224, -0.7317494531447241, -0.7118361544604516, -0.8196623566136695, -0.7758731697651905, -0.8826228372305495, -0.9991479806751989, -0.8445155504098837, -0.8226460644340826, -0.8563672511082763, -0.7883560893586089, -0.993794939701378, -0.8922236264598291, -0.8413826832659573, -0.90308088733107, -0.6374992568071115, -0.8567210114906376, -0.7821764224707838, -0.701656423195228, -0.8716301652834701, -0.775813864708322, -0.79656461329946, -0.9545416246259097, -0.750644545707131, -0.8022608268019864, -0.8250524768133692, -0.7532590932160971, -0.7588616273655379, -0.796038225384622, -0.6352283679013644, -0.7903685345575459, -0.8178794188738624, -0.8304570528819794, -0.7039858478523506, -0.883236692076326, -0.7603497105184924, -0.6487391826910665, -0.8050671136430032, -0.7553812267969107, -0.7836934229587855, -0.9416244690169046, -0.8623793890693346, -0.6768439085271079, -0.8538673324555981, -0.8927442901624818, -0.8687022159200448, -0.7971290047290657, -0.859316952152314, -0.8404536787793941, -0.8948148815974308, -0.918443924050159, -0.9656889865440169, -0.7267766463701171, -0.7381221413573923, -0.7812005570872406, -0.7720939930307656, -1.0536029611353614, -0.7230276846242445, -0.7194121048323519, -0.8289659470645824, -0.9104873028225275, -0.8564540682644876, -0.6721001344338614, -0.6092839946836212, -0.7210920293346221, -0.9679702965881364, -0.8239392639138532, -0.9443480549402902, -0.8581052267466881, -0.7532774383966778, -0.8171350449519951, -0.9833586829389174, -0.8995976938745315, -0.8173679500731572, -0.7939755594126934, -0.8734769807467483, -0.6726651351199125, -0.749062424412446, -0.9634962716667811, -0.8506060003945024, -0.7304051434556741, -0.8420668025967711, -0.8368003470203618, -0.7892316518232659, -0.8075929484596415, -0.8215249682878869, -0.7658330905580427, -0.6606868894172104, -0.9310995894747593, -1.1961369393182455, -0.7851928638657492, -0.8311720906732685, -0.9443406751059823, -0.8637174925550987, -0.9022382820632459, -0.7915814765508884, -0.8608430170013753, -0.7750045645330592, -0.9275423617726064, -0.9723834633354616, -0.8084561197132376, -0.8462299147605619, -0.833403509456682, -0.8438913043918177, -0.8652529693395021, -0.798973420923233, -0.9031985810424837, -0.8194857611340385, -0.7755733531513861, -1.0481632827835206, -0.8119765638042441, -0.9284446545246162, -0.8256196147511675, -0.8885177046877487, -0.7944146347020692, -0.6395734305091706, -0.9279254691872949, -0.7597251623878775, -0.859713757534404, -0.6830858045365145, -0.801056282947601, -0.9552243153026331, -0.687006185977554, -0.8904306219311133, -0.7533905017769149, -0.8472497599451834, -0.9706192781413597]}, "metrics": {"roc_auc": 0.9978222222222222, "fpr": [0.0, 0.0, 0.0, 0.006666666666666667, 0.006666666666666667, 0.32, 0.32, 1.0], "tpr": [0.0, 0.006666666666666667, 0.9866666666666667, 0.9866666666666667, 0.9933333333333333, 0.9933333333333333, 1.0, 1.0]}, "loss": 0.0016648571360727837, "PR_AUC": 0.9983351428639272, "Time": 1237.9424035549164}