{"name": "PPL_lrr_threshold", "info": {"n_samples": 150}, "predictions": {"real": [3.151155924391087, 3.611615443917097, 3.2733296443424393, 3.512848888378196, 3.2773492473077783, 3.360093575337153, 3.3642168722787855, 3.341476609694312, 3.441309682480431, 3.2081606177677315, 3.4368828852391204, 3.602397112500541, 3.4589767062430465, 3.2821071560538915, 3.1713335577449677, 3.4380423678788126, 3.4865756175836817, 3.3713739390294744, 3.1429684487933645, 3.095129986931782, 3.407932908350287, 3.541586520505036, 3.2489393447091794, 3.3045002797060925, 3.270483593381058, 3.7604355118921147, 3.2950167064807885, 3.539633377001714, 3.298810096801569, 3.548701263170178, 3.3654069202993133, 3.4051578258967936, 3.4274717498581593, 3.2780448345104327, 3.461720560075649, 3.291101909560714, 3.457999086164059, 3.18970938067626, 3.2657385445392353, 3.3556786353092036, 3.2890201507335197, 3.321978703042407, 3.3029942715412313, 3.5082367295435284, 3.3528158964404504, 3.411334205216023, 3.322350855218396, 3.332617611244896, 3.307408948228061, 3.182421543854104, 3.2955087979957307, 3.3277849669862847, 3.365680135542373, 3.362372874902208, 3.26861280822747, 3.2056240209400593, 3.293449634864047, 3.1472306910031578, 3.358508879790785, 3.5388879138002602, 3.3983360870551036, 3.3202346511367153, 3.505376993577737, 3.3832907415628903, 3.381213263124299, 3.4592727942766133, 3.3218532799775113, 3.414216662873134, 3.3853684816182237, 3.24288304739811, 3.3446892780653004, 3.2429002765447756, 3.3286656569543287, 3.0539309659897724, 3.449649318493181, 3.408216893946137, 3.2628357133311807, 3.1413332416387134, 3.3097277482031067, 3.0636488054419875, 3.1745390378010696, 3.3398717549270174, 3.4054706774101904, 3.531040434665451, 3.152852133372737, 3.5064461518581793, 3.2627968474049713, 3.371767508453859, 3.201279578573014, 3.4634926848728393, 3.1998157874707944, 3.231816846735731, 3.2240783926959673, 3.12544094956566, 3.105388037474776, 3.41801131732748, 3.280396101438239, 3.3246698290799004, 3.2718673191522036, 3.5086866319259244, 3.486163424555239, 3.2274653079230102, 3.3058656239668287, 3.43584592513057, 3.425394201063646, 3.4483515838255396, 3.515548425869211, 3.1757247142014613, 3.234921694240347, 3.0504946027061925, 3.288492561337445, 3.260904552065052, 3.537486763392295, 3.3567402090690504, 3.430344915746565, 3.1354117962445347, 3.2578998325379813, 3.040673013028154, 3.3075233652800367, 3.324655953856067, 3.42655318393148, 3.120573919025177, 3.4184610791914163, 3.5719477930303425, 3.236312693606856, 3.391872665833495, 3.3029336840332113, 3.28150728690842, 3.216659412835023, 3.3471083019637464, 3.5089306981859893, 3.3874848634721624, 3.1330980427251602, 3.342466560091036, 3.467415311666881, 3.0075501820002533, 3.3455577970246537, 3.314507805621329, 3.3386292517294356, 3.2755467492788837, 3.2085256452529123, 3.124439320847251, 3.08637114001945, 3.355434525365381, 3.1278321726464773, 3.2072099723035468, 3.3802751849612656, 3.119385578554159, 3.3105881617364052, 3.0201907052934223], "samples": [3.6988684347155982, 4.985710762056078, 5.108893659648885, 4.8402742577256355, 4.415381442486516, 5.0497312077282555, 5.103914354752004, 5.354006125580907, 5.63695419972846, 4.614829363852748, 6.111640059569735, 5.608985819019977, 4.639516971389066, 4.5735616273414434, 5.33844620086775, 4.726163448045423, 5.391533547902794, 4.862927374910403, 4.602906434095017, 4.646346179739449, 5.444682469325603, 4.637032405544015, 5.652562412725121, 4.348520926056675, 4.435031997860606, 5.29536156427201, 5.243034595307041, 5.861584851854964, 5.546068127345312, 4.5659789963434765, 4.507572695567704, 3.145088236763127, 4.570228909133064, 4.796726874463849, 5.218367037064014, 4.639538156084719, 4.458023014496469, 4.721768964566496, 5.002461760000107, 5.760561993696268, 4.695328113076693, 4.691737674340543, 4.717408690123644, 5.545031751491391, 4.322316685177302, 4.6909902601278715, 3.29262646490999, 5.880274850026934, 4.734949586284501, 4.824468154315983, 5.316553600971239, 5.579162990154044, 5.716601436172573, 5.6294923478925, 4.737662945457837, 4.065133199486849, 5.346604349758004, 4.409525418939727, 4.356595219960854, 5.086415881226975, 5.255349233693622, 4.562203762072547, 6.282158806328978, 5.068035275443987, 3.393032861602933, 4.606312368917433, 4.6251161398651215, 5.986478044725661, 4.35712819824685, 4.961102999094574, 4.831642659867046, 4.581843649518485, 5.231477281788118, 4.117034025935425, 4.73599312621765, 5.386591670207143, 4.6973173656313625, 4.900571876644149, 4.610463980062561, 5.102556999949963, 5.323591076577313, 4.406109917257104, 5.271566257481272, 4.585883020699627, 4.8195442581052035, 4.940820427166903, 5.488317056077693, 4.562288790465433, 4.1788554798174085, 5.882920911778168, 5.2451584956983766, 4.7758329642197515, 4.156919676384979, 3.350805473266907, 4.10314272025823, 4.566312127510701, 4.899917882795013, 4.578347416935281, 5.1501298805842275, 5.199622094296779, 4.916012700236511, 5.231582996243018, 4.749398446977822, 4.195594336985088, 4.981499377414923, 5.839105008858201, 5.488837550987763, 4.793124632664661, 5.221333144383237, 5.5828467236208805, 5.173449006151648, 3.135499846110663, 4.149492181903792, 5.082208766826152, 5.052303462824938, 4.989716747368194, 4.95852324769895, 4.964038742991656, 4.396203810170253, 4.700539416703512, 4.933484789899716, 4.2794288626785155, 4.358214082398757, 4.981931442941445, 4.446088947919906, 5.118131920257701, 4.53253520317384, 4.744421482499492, 4.712548385198302, 5.240597210417273, 4.543892829538124, 5.308855539921858, 4.435853674766675, 3.348985669524206, 5.14747692210304, 4.995663701351362, 5.165008323493411, 4.892815755230565, 5.506291016919359, 4.370869824437921, 3.496003293068208, 4.254449217732275, 2.995375967974574, 4.581836379017338, 4.804837741749984, 6.575429259116258, 4.43529815114649, 5.065166582957154, 4.774376131506268, 2.986793041740965]}, "metrics": {"roc_auc": 0.9625333333333332, "fpr": [0.0, 0.0, 0.0, 0.006666666666666667, 0.006666666666666667, 0.11333333333333333, 0.11333333333333333, 0.29333333333333333, 0.29333333333333333, 0.41333333333333333, 0.41333333333333333, 0.6066666666666667, 0.6066666666666667, 0.88, 0.88, 0.8933333333333333, 0.8933333333333333, 1.0, 1.0], "tpr": [0.0, 0.006666666666666667, 0.9333333333333333, 0.9333333333333333, 0.94, 0.94, 0.9466666666666667, 0.9466666666666667, 0.9533333333333334, 0.9533333333333334, 0.9666666666666667, 0.9666666666666667, 0.9733333333333334, 0.9733333333333334, 0.98, 0.98, 0.9866666666666667, 0.9866666666666667, 1.0]}, "loss": 0.021935474242007702, "PR_AUC": 0.9780645257579923, "Time": 1251.5812344551086}