{"name": "PPL_logrank_threshold", "info": {"n_samples": 150}, "predictions": {"real": [-0.7990773321481054, -0.7261382735009797, -0.9064051098686329, -0.8026826673014066, -0.8036619868197132, -0.8066249052820613, -0.674216758301243, -0.886614378509335, -0.7378670964174984, -0.7866249179934315, -0.7107122301259762, -0.6486066720247239, -0.7144169105262425, -0.9466911221055965, -0.8246506455134058, -0.708878799225079, -0.6325265267621438, -0.7911223079045887, -0.728084262117961, -0.9564994112859115, -0.6396223695836718, -0.4899606502729487, -0.8287622068818816, -1.1022474279236616, -0.6968232735607715, -0.6665805515387897, -1.0104621862828609, -0.7517953534927244, -0.8600799185890878, -0.7968022557260223, -0.815938463880827, -0.8447993597177058, -0.7066281172811951, -0.7399105839649017, -0.7443962551201733, -0.9532204614838921, -0.811438514483555, -0.9235774456616772, -0.853457875446481, -0.7235429587244219, -0.8350544196782362, -0.691054932865921, -1.0400236939910876, -0.8956603436426799, -0.7242961777978872, -0.8264546467019466, -0.6911270098951638, -0.7122280589696203, -0.8121181318377513, -0.9068862543762761, -0.8317918573304465, -0.7273638639273993, -0.7984411761498266, -0.7236864117363587, -0.935999090397801, -0.848883222484944, -0.7604876899001407, -0.8572523602011501, -0.7384804679767677, -0.7897308147188562, -0.8402758665680343, -0.754305377735352, -0.7184277457945326, -0.9202218791211482, -0.8012095309233326, -0.6595930004410144, -0.6997354737995848, -0.7391395773689471, -0.7613335442268203, -0.8881353206052777, -0.7934630834745174, -0.9389675767427649, -0.9480323671627237, -1.1134177396366518, -0.9356780607787017, -0.7500650489843391, -0.7725333333102211, -1.0042940079424352, -0.8755915867565571, -0.960837722123474, -0.8198602735517275, -0.7796733125564309, -0.8274563155417544, -0.7142449906770757, -0.9513497209870592, -0.6551219585209516, -0.7581439681206911, -0.8517975634080761, -0.7660697856217074, -0.8796197871017905, -0.8188126176648722, -0.8303599332900461, -0.9267895127448245, -0.7947496446850386, -0.9386137905692575, -0.6266386016224095, -1.0916110972588984, -0.8080867722881867, -0.7921983177468394, -0.6499214716487671, -0.7226348961840136, -0.8088622714796161, -0.8707795441741487, -0.8234722744489487, -0.784781838834693, -0.7336630322209213, -0.6979593641273418, -0.9262193169071142, -0.7577635854321682, -0.9175863709962095, -0.8767113393763457, -0.8216755714668423, -0.6931761290394931, -0.9246839383982658, -0.9197964615686145, -0.8954290901352787, -0.6963638364257678, -1.049922666978325, -0.7708835036362622, -0.8432383675434624, -0.6878295180105574, -0.8468574610157703, -0.906894176740396, -0.7515173305313023, -0.8661111229774727, -0.8094905965870264, -0.8785767190285627, -0.7771185956678671, -0.8318411318050509, -0.6138103613634093, -0.6725711158132499, -0.7692358089763, -0.8890783720802274, -0.8367089218782507, -0.7378019732653001, -1.0058071767685346, -0.7812185244902861, -1.0263956233322469, -0.7562910577851744, -0.8176937020779356, -0.8459245345140198, -0.8136061330911879, -0.7709927765422818, -0.8567314844079879, -1.0214903979456764, -0.8401520523141053, -0.8516302912413128, -0.9799533566358392, -0.8396945841185024, -1.0291173870835648], "samples": [-0.27903494436739334, -0.35192493479093917, -0.3597737529834942, -0.3138721494849563, -0.3583451878769521, -0.3097453848591732, -0.34352103404440404, -0.37008009755959664, -0.3970452195508895, -0.7649292692231132, -0.29156464573202423, -0.3877260969340969, -0.39022273225576254, -0.42289119994670227, -0.4925349852664641, -0.35807975337590225, -0.33970108217541917, -0.39087562014482763, -0.2907065544270835, -0.4241156631945349, -0.3534255517702647, -0.28115068838093205, -0.3920843872714772, -0.41513392273489896, -0.31843066422335026, -0.32659583101731626, -0.37307277395586425, -0.3537063779572325, -0.4146960104541489, -0.4721845312162058, -0.40701603937825614, -0.38125986631443426, -0.39870604551856664, -0.3662956851232705, -0.49639753639426365, -0.4233599199378605, -0.38510142019483057, -0.4358817554650709, -0.28742888363421304, -0.3901466563022147, -0.35332388813331655, -0.3192651123073681, -0.4299498596530198, -0.3460341698631521, -0.3824383039291067, -0.4661473173715763, -0.3513080182385026, -0.38289983649298676, -0.3757249961574347, -0.3520735263926203, -0.36579947084916137, -0.37501963203345057, -0.27926913667575204, -0.37909992912357987, -0.3651336218593281, -0.3903972409076024, -0.336497609594603, -0.41847559592253575, -0.363685234593205, -0.2728337699947051, -0.3788648716943902, -0.35162458750518283, -0.3330811280611375, -0.4594415474934557, -0.4088762204229423, -0.30791756045387875, -0.3897260747536047, -0.4065173269571348, -0.40671539220920666, -0.3636047584300653, -0.42336232600904117, -0.41872667728632873, -0.4332327038233735, -0.43147455893683817, -0.47951075779601554, -0.3094764340428917, -0.33225730927052094, -0.3714481865667845, -0.346105042101463, -0.548441716596758, -0.3199824100276736, -0.32891293739806393, -0.4001708197432325, -0.42187746951109945, -0.3951465042023788, -0.29431452710851713, -0.282356323065236, -0.3335764609841493, -0.47248910809053046, -0.3711018012659138, -0.4657504853395, -0.40776402506138576, -0.3649925889705973, -0.3945052123185092, -0.5075321882525848, -0.43408284263074104, -0.3925635791358861, -0.3654438645556593, -0.41541066576431707, -0.30467300068208963, -0.3364698430555898, -0.47856106843532775, -0.40446750339430176, -0.3528285183621137, -0.3924208009764782, -0.39808421070879624, -0.3466816280009833, -0.38746560639414035, -0.3828950511539754, -0.35017673509692354, -0.3143145603091984, -0.4618101283559598, -0.536922821730115, -0.3859760558349938, -0.39374417009524215, -0.43414100738402883, -0.4231041705587337, -0.43775060271109, -0.38205294416598173, -0.4109946473495098, -0.3605254363800063, -0.44843877514048897, -0.4808284627954649, -0.4015981288149432, -0.4067346393211445, -0.40150154953133527, -0.39424385238113563, -0.40075142354057747, -0.37498519944339315, -0.41642604000058886, -0.3808133589331644, -0.35416226806467593, -0.5414345324417864, -0.35846414023592715, -0.44361467932763426, -0.39670239829614795, -0.40971016742459737, -0.3613733264251497, -0.30285538795501843, -0.435649919199299, -0.3595867284465196, -0.3953942571805621, -0.30214428544368155, -0.36516005213914576, -0.47384428451544963, -0.3077506224460419, -0.42330309504747526, -0.3443034281107623, -0.3996461784619303, -0.49596921652515563]}, "metrics": {"roc_auc": 0.9974666666666667, "fpr": [0.0, 0.0, 0.0, 0.006666666666666667, 0.006666666666666667, 0.3333333333333333, 0.3333333333333333, 1.0], "tpr": [0.0, 0.006666666666666667, 0.9466666666666667, 0.9466666666666667, 0.9933333333333333, 0.9933333333333333, 1.0, 1.0]}, "loss": 0.0019894611734104783, "PR_AUC": 0.9980105388265895, "Time": 1268.7440111637115}