{"name": "PPL_Fast_threshold", "info": {"n_samples": 131}, "predictions": {"real": [0.1290451181697712, 1.0987905861774838, -0.2299923201516398, 0.0528629113815356, 1.0063372982191034, -0.6787554584383396, 0.989831606835991, 0.9833327186602759, 2.609688355767309, 0.5243135184153275, 1.826569502451376, -0.7108917637140996, 1.1489991950997778, -0.3270265424120831, -1.5644894830446472, -2.7152453566682104, 1.4619824494179687, 1.8493608153237997, 0.049655255561979667, -2.655400001225606, -0.4372364003656146, 2.0674644536797846, -4.251657737450187, -0.015553533758896601, -1.0729338478239017, -2.3712378095664057, 1.1827503503081478, -0.7245973334677716, 3.554196593486436, 2.5221899254341182, -2.6812154361944325, -0.21820667156896217, -1.1453548086324488, -1.9869842042186465, 0.9079832143862905, -1.7594096050154766, 0.9319185374505324, -3.108885366330268, 1.565487872472093, 1.247191663242976, 1.0582512905292203, -0.48110701172805703, -3.1007736792742207, 0.4952223611270821, 0.3740726942093422, -0.9691986825604273, 2.4467085308207035, -1.5197792366602998, 1.0593324918426157, -0.7661642458118129, -0.8542366711708306, 1.5479868475078293, 0.5463491289057901, -4.067807858707735, 0.14248234432612902, 3.478692206432109, 0.4874573047379359, 2.792017608924206, 0.9151608532222342, -0.156881793454854, -0.2019226291888415, 0.7663727863315215, 1.1782437168841609, -1.3886333264399682, 0.10590355166169353, -0.11553771005137055, 0.5135003399966169, 0.6082817417554003, -2.0908668971603674, -3.6523520979708106, 0.04359996808513391, 0.8243783328850045, 1.3270940653912433, 1.116232520042995, 1.2264874786542996, 1.4703376059304125, -0.18565100051445738, 0.6389687333951429, -1.4508341591708755, -2.857874385712735, -0.37599919749587, 0.40412682160469426, 3.890009302049423, -0.7167519440634985, -0.3365293039261947, 0.07984037368531274, 0.5670729441814993, 0.9308612440243618, -0.1232889263553031, -1.4440759335835474, 1.1326080417779063, 2.114900037287624, 2.529577751790726, -1.3749067999934632, 2.292358558565744, -2.933813133100278, 0.9360696378726296, -0.5565123838178712, -0.8350244925568993, -3.2495963231778346, -2.7786940391883643, 0.044906198862120834, 0.4584588588887921, -0.8442862945800506, -0.821914129784379, 0.5416642276951706, 0.10944164319557954, 0.555569250871016, -0.7026366306275232, 0.9872032200518672, -0.9266272939138995, 2.603608874915453, 1.1657317590829326, -0.513107563809324, 1.8447003243651245, -1.5140803170413635, 1.677875135713468, -1.2674227745187663, -2.683123531687052, -1.347619291426172, 1.8843746108553299, -0.5858304712406003, 2.1780170879975156, -0.5276659729812883, 1.7492665704581698, -0.22889283175890635, -0.9642080030432326, 1.8717255572976519, -2.315581938432465, -0.33958700452725293, -2.316359721337703], "samples": [7.966542920184486, 7.735837114280639, 2.559055712390993, 11.866157338573155, 10.137929046015667, 5.011403979799738, 5.901806284455641, 12.650180261390643, 2.6794366993796896, 2.93999929825226, 4.115397269920679, 5.156015488773112, 5.986636152212967, 6.9485719371354016, 4.9835835512308, 2.0772493244428074, 5.978344970201812, 7.403392706317438, 7.353952213036752, 4.368690998587912, 5.524791115718142, 5.78622767704549, 1.921930327120017, 3.2310537615840347, 14.88211296923668, 6.835660698839129, 4.152457043596279, 7.800827207063488, 4.584108998565538, 4.881812547849242, 5.158766713186377, 2.8227203344494227, 5.3920219226207955, 7.564914155235656, 11.710195287621616, 4.376005035020523, 7.252728271808204, 7.8287654293040285, 9.51565620783573, 8.545762856992566, 6.373364397265842, 4.01473363343991, 6.642326765616761, 7.416059594660804, 7.57284636502441, 4.741536218043522, 5.914765573058362, 6.339418109942656, 8.665417191538921, 10.730047031721424, 8.979831220774916, 8.722725741411185, 4.245246735861094, 3.853292942074316, 4.668893246076525, 4.918805423268149, 8.148232558225718, 8.404830802084104, 7.741637337917655, 8.794819836687529, 10.371946385360276, 3.00809646933257, 5.953388495240648, 3.7088714794238804, 1.8100330152851825, 6.510140782556606, 7.970644631620706, 7.34793973109923, 5.84101889618816, 6.00043929251698, 8.641896596665177, 7.435516194375558, 2.701139468426858, 5.101295481394852, 6.226160877881018, 9.873975541689548, 5.760640784572879, 4.8806826643058425, 8.314227485077545, 4.969068795982681, 3.944063273427846, 8.34042438689661, 8.000515025402807, 4.261408614459334, 7.580379110722921, 11.863680599140118, 8.543536266430635, 7.628726609549279, 5.802849388793435, 6.735653548930597, 6.163409843837675, 3.291178321059079, 14.799339174052774, 7.449721833177236, 6.645152622420263, 3.182836256802887, 5.383305034632504, 7.550911661204942, 1.248233460945542, 4.878915344315917, 6.0688693160505585, 6.096355532863444, 4.558508227049076, 9.370805395012043, 1.4951314342676996, 7.440448591599513, 1.5432667526849038, 4.856660826375312, 1.6090635020166963, 2.757206920596086, 5.635732767902965, 6.1132858689323895, 7.034822347785678, 9.995185261013594, 3.862927939526744, 10.291941816638701, 6.683703555578202, 12.57940499966494, 5.114467654662658, 10.880356482063336, 7.708839512178261, 5.336285718662129, 5.931734778414472, 7.687904408457421, 4.4626588058644305, 11.340075665342342, 7.757547229726204, 7.71727698873438, 3.4671334474199673, 8.36139379518536, 4.499519604186057]}, "metrics": {"roc_auc": 0.9898607307266476, "fpr": [0.0, 0.0, 0.0, 0.007633587786259542, 0.007633587786259542, 0.022900763358778626, 0.022900763358778626, 0.030534351145038167, 0.030534351145038167, 0.04580152671755725, 0.04580152671755725, 0.0916030534351145, 0.0916030534351145, 0.09923664122137404, 0.09923664122137404, 0.13740458015267176, 0.13740458015267176, 0.15267175572519084, 0.15267175572519084, 0.16793893129770993, 0.16793893129770993, 0.19083969465648856, 0.19083969465648856, 1.0], "tpr": [0.0, 0.007633587786259542, 0.8396946564885496, 0.8396946564885496, 0.8625954198473282, 0.8625954198473282, 0.916030534351145, 0.916030534351145, 0.9389312977099237, 0.9389312977099237, 0.9465648854961832, 0.9465648854961832, 0.9541984732824428, 0.9541984732824428, 0.9618320610687023, 0.9618320610687023, 0.9694656488549618, 0.9694656488549618, 0.9770992366412213, 0.9770992366412213, 0.9923664122137404, 0.9923664122137404, 1.0, 1.0]}, "loss": 0.009454355067913367, "PR_AUC": 0.9905456449320866, "Time": 970.2583644390106}