{"name": "PPL_Fast_threshold", "info": {"n_samples": 150}, "predictions": {"real": [0.1290451181697712, 1.3758472504552897, 1.1042826059715811, -0.27243250867517155, 0.06625899406333631, 0.5198142114619466, 3.4359385675004748, 1.0623608705305034, -0.6886343959857472, 0.9790702156846346, 0.9756086968000076, 2.614597251001902, 1.614297677853661, 0.5461175445283168, 1.8048974365040849, -0.7863195185615994, 1.1606388024750933, -0.34129434475931014, -1.5987684524352073, -2.717928282202908, 1.429865944172961, 1.8157747351514495, 0.046303554818992405, -2.635797029317874, -0.4370527710745228, 2.083628367563028, -4.165937906132832, -0.6119755276739092, -0.0032073432953293383, -1.0556806234557266, -2.3611097850885274, 1.211109982004928, -0.7628829175999918, 3.489897980222795, 2.486748081560502, -2.6322858707686887, -0.1731062197899464, -1.2023737290653769, -1.9453640020776222, 0.9350244387163442, -1.7683314731428375, 0.9217483844733649, -2.201129720740327, -3.1168147068363456, 1.5599145065797437, -2.3730280928805096, 1.2506804702817453, 1.0025775633657468, -0.47878043330754266, -3.111264050846003, 0.5048422211189121, 0.4276018483309079, -0.9532209329768399, 2.5154972383542713, -1.5790253984344627, 1.0542888611689007, -0.8061079790579067, -0.8559002580442496, 1.5800588689497708, 0.539463698551977, -4.119879321492202, 0.10931160028309873, 3.4943706061359343, 0.5020941607203271, 0.8801636926751029, 1.1792547397642992, 2.8451031726021108, 0.8998332815989585, -0.14661593389224176, -0.2285561482408777, 0.7991721037782799, 1.2061172046379778, -1.4490972995674805, 0.043864249186218555, -0.12284759865999753, 0.5677104844732395, 0.6081396904343352, -2.0925059744470293, -3.6418893166370103, 0.026222091031471953, 0.859393100510563, 1.3617427061634437, 1.1617665700681161, 1.2708956733773387, -3.0406026347958686, 1.4688051439432732, -1.0340137509590888, -0.2116970548335994, 0.9086189656238557, 0.6058870567165991, -1.4223693499010404, -2.8368936702267824, -0.396287016335265, 0.4236503004946774, -0.3658268904926198, 3.861068390037758, -0.7195932077604104, -0.32211871628296385, 0.07889753567710933, 0.5959654023859386, 0.9245727294085034, -0.1553197105191641, -1.3941736991211526, -0.8961538917545, 1.1290508452020904, 2.0791921573666654, 2.4715529932222937, -1.365472319211292, 2.1752146027299295, -0.34478471567535357, -2.891084871274261, 0.9965985354347059, -0.5469444935602189, -0.8920909123279512, -3.2850735589463684, -2.7866851034409392, 0.04721368740864918, 0.4265986242454258, -0.7923054696027836, 1.7640808983394707, 1.7581158276653353, -0.8112131148481047, 0.5178383306591612, 1.5109146025354119, 0.10047090709012524, 0.5451238938759088, -0.6771870991720976, 0.9540984783466804, -0.9376583438425937, 2.6237440764659485, 1.1780690215953695, -0.5297638845701089, 1.8739390771540192, -1.5397992538354872, 1.6355289882723199, -6.54080075864261, -1.2128452354432724, -2.593339312925677, -1.3033589443695202, 1.8549762639999423, -0.5917343841620275, 2.1791746320602003, -0.5041250310999932, 1.755065117773477, -0.24202298748989398, -0.9396572706339619, 1.8964162400351972, -2.243211062748844, -0.31747650136352845, -2.391353634742804], "samples": [10.773521118504437, 8.204305968793602, 9.604382026483322, 4.609498707246674, 9.411142025143203, 9.70564621987945, 10.679210967583186, 9.152108177051675, 6.888251247340934, 3.170516077317051, 10.70191327172124, 5.343081423663831, 8.244122919940315, 9.10521509325895, 4.999494163188805, 6.2374153768458, 6.674661180020304, 7.248055646517465, 10.870012848232896, 6.52775181449319, 8.343461359773944, 10.385174930064508, 8.362486570396491, 11.351716720679475, 9.166316729214506, 7.796714341629624, 6.136342792312286, 6.710177990322809, 8.782599701726795, 7.197821423039637, 8.580288707357203, 7.990743262714595, 6.689840899698873, 8.199502976929022, 3.0750082941731427, 7.40785417175272, 8.994337923753806, 5.786702700043287, 10.002770369510642, 4.792657582102543, 7.56659438415269, 8.439577638803414, 9.121201678316332, 9.952208245066817, 8.557699866573175, 3.9743771298272623, 8.152011395720146, 5.271216621187209, 9.565246743166249, 8.787543913739832, 7.845882808092243, 6.162081357276116, 6.350609921648314, 7.814917549429518, 7.91849635374816, 8.017346996317949, 8.290975612869119, 4.746979117003072, 3.930571019489746, 10.10558857139259, 10.878091607666933, 7.306414304366056, 12.44753505469961, 7.799715245474247, 6.818119346978351, 11.01606632360344, 9.95659044052681, 6.615716003462261, 8.767400373097376, 10.525052986137192, 4.791768653342624, 6.522484111247466, 5.079133403068329, 10.583160189729869, 7.964896784317753, 12.043916745460564, 7.720761719831382, 8.001241480276638, 8.056878980995132, 7.666429836768106, 11.086538287904036, 10.560530063611644, 8.70703372838517, 6.837664550981234, 6.859491099901197, 6.962670887639102, 8.490908152521577, 11.884710815853204, 5.553857264869961, 10.301195835656168, 6.171937873105974, 7.996954351574668, 7.020865171065384, 6.750150588256113, 5.147115336515975, 7.1003883570226956, 8.038409957957718, 7.6468699478369535, 2.635834706981871, 5.954107109960362, 9.77998244472297, 0.18563905281321805, 7.439281844525379, 8.04663498992326, 6.306506980052549, 8.929042710328337, 10.566601720877733, 12.517829113967139, 7.54297998732229, 11.694636868760945, 7.040104204545923, 7.0085413782412775, 5.448242962451153, 9.716533869180067, 8.213280865881327, 4.939469878742819, 7.409343810931225, 7.637753750920576, 7.166480617473864, 6.690773302700542, 8.494868171545852, 5.620906345559288, 7.746970593615607, 9.624065234410072, 6.902033679037485, 7.938076914728116, 6.999247922104521, 9.9871234219745, 8.919835895957558, 6.243166234883341, 8.790036959026017, 9.25945827722645, 4.938347230282631, 10.180484117378022, 6.26006027150006, 4.75677190367907, 10.113768956262753, 8.420707004545013, 10.187130308543326, 8.333487320647833, 9.050767852100773, 8.534281430012141, 9.079667427376743, 9.11347943897933, 6.533655275358937, 7.871510701461593, 11.036137253874292, 7.8989576884442405, 9.798627053663019, 4.614418746538797]}, "metrics": {"roc_auc": 0.9963111111111111, "fpr": [0.0, 0.0, 0.0, 0.02666666666666667, 0.02666666666666667, 0.03333333333333333, 0.03333333333333333, 0.4666666666666667, 0.4666666666666667, 1.0], "tpr": [0.0, 0.006666666666666667, 0.9733333333333334, 0.9733333333333334, 0.9866666666666667, 0.9866666666666667, 0.9933333333333333, 0.9933333333333333, 1.0, 1.0]}, "loss": 0.0026964212699945866, "PR_AUC": 0.9973035787300054, "Time": 1247.5192620754242}