{"name": "PPL_likelihood_threshold", "info": {"n_samples": 131}, "predictions": {"real": [-1.5336731791263165, -1.7630028488043685, -1.6919389059188692, -1.5940524986900657, -1.7552250996580365, -1.4869779494179602, -1.5295552069065237, -1.4723218104982345, -1.3995606877182385, -1.7855113870999104, -1.6053297173494645, -1.4711299033635967, -1.3474011667825756, -1.5781601917108325, -1.4529921678316624, -1.8385258538628508, -1.3008332223367665, -1.0801014681611998, -1.6208740324945208, -2.0315373231671567, -1.3598562532333758, -1.413076204712661, -1.9276179636045319, -1.6815530816687818, -1.6994135994782444, -1.64393140636441, -1.6472922140739412, -1.4755749331233365, -1.455257367630223, -1.5010731932898655, -1.8766348159632054, -1.6339589107750077, -1.7642418934849904, -1.6200517800842205, -1.4624347416250583, -1.6020960115094116, -1.4296715841899241, -1.754059972972597, -1.4334705033994244, -1.43176267707255, -1.4351647990077832, -1.6908739504291825, -1.7467079551624343, -1.706997461051305, -1.4111213314991664, -1.603153423464272, -1.5117115432811863, -1.806708040294165, -1.6444654318354086, -1.4905122250113614, -1.7091438524303095, -1.5130937095584447, -1.6116259334173737, -1.7344213677260862, -1.4854875837634023, -1.5207774570160781, -1.8058698435346932, -1.4291421554908852, -1.510164679949371, -1.4935744823608557, -1.7630240615491215, -1.6459469043127237, -1.795311981330799, -1.8352842222085382, -1.979264900221933, -1.7009132878167788, -1.5259284680066545, -1.5944547866456737, -1.8768959448329854, -1.7098059921776827, -1.8769543802266344, -1.6523669376421604, -1.5921913395670573, -1.6369183464977535, -1.5071120223822576, -1.3978343508472704, -1.750418685633825, -1.7548607388118789, -1.5422943274614045, -1.621287980850335, -1.8387355110021, -1.6314895871369823, -1.3275084258022616, -2.0619364952355963, -1.6516026467484095, -1.5547228260795476, -1.4108667345786194, -1.515175994313785, -1.600203587715353, -1.689919253026791, -1.5466777282944912, -1.485013217002779, -1.4071423249380595, -1.7646440070190488, -1.4363643416263112, -1.7218840461785188, -1.6729786984984503, -1.427975256150613, -1.8315519530851019, -1.835749511832301, -1.723037480273725, -1.3941009011774577, -1.9710236999225639, -1.5358056584969042, -1.5794367837272325, -1.7521597319122477, -1.7083412650129246, -1.6289347443814162, -1.7262946772217276, -1.6019040195254932, -1.6548420789593434, -1.2570531758035643, -1.406069597287107, -1.5512849035078684, -1.7291106626489035, -1.661380302084739, -1.5314777849942067, -1.556633513495405, -1.865880803165959, -1.4435200076378365, -1.5985975907224037, -1.6295277811606979, -1.6151996204994823, -1.5041808312912632, -1.7312828426704978, -1.8945564421424514, -1.678170467428585, -1.642173937507365, -1.8090305141934704, -1.6599425015322657, -1.901485580999966], "samples": [-0.8154049173338358, -0.6883441576846062, -0.9922560692611325, -0.9660932350705483, -0.7349404767103149, -0.8769655665082143, -0.9185744682328307, -0.7228856647535477, -1.1585648320684363, -1.3200401718183805, -0.9775517856617487, -0.9715487348198347, -0.8017134711768558, -1.0929964760135427, -0.8634551678004971, -1.176195446065706, -0.8117168395982503, -0.7890951573314837, -0.5751412595872468, -1.1228235402595312, -0.8840839393131484, -0.8423492637333556, -1.094452808756072, -0.8509912570613576, -0.7266992924672131, -0.77553401471298, -1.3543213574582083, -0.8561954547724525, -1.1441821278807052, -0.9145848090838085, -0.9094691141315413, -1.02244845604642, -0.947123493542269, -0.9135975727138658, -0.7210501555005062, -0.833814803082333, -0.795100030757519, -1.0144548410529663, -0.8287982477947867, -0.7046826367780908, -0.7913613763509272, -0.8701028250138402, -1.0231053422394514, -0.9984921748749452, -0.6296776622280876, -0.7540492111174162, -0.8465183894468077, -0.8291650257440443, -0.7417715858346681, -0.7897755375959443, -0.7214690173499259, -0.6828919245063665, -1.0837813813557793, -1.4140786551321642, -0.6957321729909886, -0.8116427203711262, -0.8999564929062506, -0.8865225970326226, -0.9335252212099555, -0.7719570926236466, -0.7491263030484395, -1.1489082027048805, -1.018106391798269, -1.2630957702191299, -1.0464623532616222, -1.1311400765740176, -0.9155698426459827, -0.8550554810455562, -1.0013175735860782, -0.7365336838415807, -1.3997571610790094, -0.8302607550146678, -1.114919689199271, -1.039251681945975, -0.8435098027057444, -0.6528141659450727, -0.9766716637817432, -1.2389921574766762, -0.9184558036200587, -0.8246180757814503, -0.8870305164801509, -0.9481036734975365, -0.8100227075829495, -1.0044904399805599, -0.7924471270330918, -0.7252900699849496, -0.712891302998642, -1.0575678355979177, -0.7809556698533678, -0.8782935479879517, -0.7550312985725988, -1.1529041837617162, -0.6560709121830015, -1.1990138693804784, -1.0004036531955771, -1.0528630743123377, -1.2719578027177014, -0.8507611452262575, -1.2174138903924827, -1.152155938131245, -0.8609934974652694, -0.8114350333664265, -1.0310046036042588, -0.8516194736899647, -1.0603189770159545, -1.0636346905873284, -1.0171560673358258, -1.1275106734434759, -0.7376190094071419, -1.667590309110385, -1.2302221720803952, -0.9337954322630845, -0.9336615057360433, -0.7479468792750997, -1.4084890510904235, -0.8178978818985675, -0.8689649268837897, -0.9098362271265866, -0.872231708275633, -0.7361029233713379, -0.9419544083637935, -1.0113184984992174, -0.9580789255522174, -0.7642131846736735, -0.9179126840680529, -0.8358903441087009, -0.7634587916502642, -1.1478833935528705, -1.1398856807189983, -0.864455721114411, -0.9087736916038153]}, "metrics": {"roc_auc": 0.9914340656138919, "fpr": [0.0, 0.0, 0.0, 0.007633587786259542, 0.007633587786259542, 0.015267175572519083, 0.015267175572519083, 0.022900763358778626, 0.022900763358778626, 0.03816793893129771, 0.03816793893129771, 0.06870229007633588, 0.06870229007633588, 0.08396946564885496, 0.08396946564885496, 0.10687022900763359, 0.10687022900763359, 0.6259541984732825, 0.6259541984732825, 1.0], "tpr": [0.0, 0.007633587786259542, 0.7938931297709924, 0.7938931297709924, 0.9389312977099237, 0.9389312977099237, 0.9541984732824428, 0.9541984732824428, 0.9618320610687023, 0.9618320610687023, 0.9694656488549618, 0.9694656488549618, 0.9770992366412213, 0.9770992366412213, 0.9847328244274809, 0.9847328244274809, 0.9923664122137404, 0.9923664122137404, 1.0, 1.0]}, "loss": 0.006776153174919086, "PR_AUC": 0.9932238468250809, "Time": 991.0683419704437}